code,lad,2001,2011,change,topic,parent
E06000001,Hartlepool,88611,92028,3.86,population_all,North East
E06000002,Middlesbrough,134855,138412,2.64,population_all,North East
E06000003,Redcar and Cleveland,139132,135177,-2.84,population_all,North East
E06000004,Stockton-on-Tees,178408,191610,7.4,population_all,North East
E06000005,Darlington,97838,105564,7.9,population_all,North East
E06000006,Halton,118208,125746,6.38,population_all,North West
E06000007,Warrington,191080,202228,5.83,population_all,North West
E06000008,Blackburn with Darwen,137470,147489,7.29,population_all,North West
E06000009,Blackpool,142283,142065,-0.15,population_all,North West
E06000010,"Kingston upon Hull, City of",243589,256406,5.26,population_all,Yorkshire and The Humber
E06000011,East Riding of Yorkshire,314113,334179,6.39,population_all,Yorkshire and The Humber
E06000012,North East Lincolnshire,157979,159616,1.04,population_all,Yorkshire and The Humber
E06000013,North Lincolnshire,152849,167446,9.55,population_all,Yorkshire and The Humber
E06000014,York,181094,198051,9.36,population_all,Yorkshire and The Humber
E06000015,Derby,221708,248752,12.2,population_all,East Midlands
E06000016,Leicester,279921,329839,17.83,population_all,East Midlands
E06000017,Rutland,34563,37369,8.12,population_all,East Midlands
E06000018,Nottingham,266988,305680,14.49,population_all,East Midlands
E06000019,"Herefordshire, County of",174871,183477,4.92,population_all,West Midlands
E06000020,Telford and Wrekin,158325,166641,5.25,population_all,West Midlands
E06000021,Stoke-on-Trent,240636,249008,3.48,population_all,West Midlands
E06000022,Bath and North East Somerset,169040,176016,4.13,population_all,South West
E06000023,"Bristol, City of",380615,428234,12.51,population_all,South West
E06000024,North Somerset,188564,202566,7.43,population_all,South West
E06000025,South Gloucestershire,245641,262767,6.97,population_all,South West
E06000026,Plymouth,240720,256384,6.51,population_all,South West
E06000027,Torbay,129706,130959,0.97,population_all,South West
E06000030,Swindon,180051,209156,16.16,population_all,South West
E06000031,Peterborough,156061,183631,17.67,population_all,East
E06000032,Luton,184371,203201,10.21,population_all,East
E06000033,Southend-on-Sea,160257,173658,8.36,population_all,East
E06000034,Thurrock,143128,157705,10.18,population_all,East
E06000035,Medway,249488,263925,5.79,population_all,South East
E06000036,Bracknell Forest,109617,113205,3.27,population_all,South East
E06000037,West Berkshire,144483,153822,6.46,population_all,South East
E06000038,Reading,143096,155698,8.81,population_all,South East
E06000039,Slough,119067,140205,17.75,population_all,South East
E06000040,Windsor and Maidenhead,133626,144560,8.18,population_all,South East
E06000041,Wokingham,150229,154380,2.76,population_all,South East
E06000042,Milton Keynes,207057,248821,20.17,population_all,South East
E06000043,Brighton and Hove,247817,273369,10.31,population_all,South East
E06000044,Portsmouth,186701,205056,9.83,population_all,South East
E06000045,Southampton,217445,236882,8.94,population_all,South East
E06000046,Isle of Wight,132731,138265,4.17,population_all,South East
E06000047,County Durham,493470,513242,4.01,population_all,North East
E06000049,Cheshire East,351817,370127,5.2,population_all,North West
E06000050,Cheshire West and Chester,321971,329608,2.37,population_all,North West
E06000051,Shropshire,283173,306129,8.11,population_all,West Midlands
E06000052,Cornwall,499114,532273,6.64,population_all,South West
E06000053,Isles of Scilly,1988,2203,10.81,population_all,South West
E06000054,Wiltshire,432973,470981,8.78,population_all,South West
E06000055,Bedford,147911,157479,6.47,population_all,East
E06000056,Central Bedfordshire,233661,254381,8.87,population_all,East
E06000057,Northumberland,307190,316028,2.88,population_all,North East
E06000058,"Bournemouth, Christchurch and Poole",346597,378888,9.32,population_all,South West
E06000059,Dorset,345869,365153,5.58,population_all,South West
E06000060,Buckinghamshire,479026,505283,5.48,population_all,South East
E07000008,Cambridge,108863,123867,13.78,population_all,East
E07000009,East Cambridgeshire,73214,83818,14.48,population_all,East
E07000010,Fenland,83519,95262,14.06,population_all,East
E07000011,Huntingdonshire,156954,169508,8.0,population_all,East
E07000012,South Cambridgeshire,130108,148755,14.33,population_all,East
E07000026,Allerdale,93492,96422,3.13,population_all,North West
E07000027,Barrow-in-Furness,71980,69087,-4.02,population_all,North West
E07000028,Carlisle,100739,107524,6.74,population_all,North West
E07000029,Copeland,69318,70603,1.85,population_all,North West
E07000030,Eden,49777,52564,5.6,population_all,North West
E07000031,South Lakeland,102301,103658,1.33,population_all,North West
E07000032,Amber Valley,116471,122309,5.01,population_all,East Midlands
E07000033,Bolsover,71766,75866,5.71,population_all,East Midlands
E07000034,Chesterfield,98845,103788,5.0,population_all,East Midlands
E07000035,Derbyshire Dales,69469,71116,2.37,population_all,East Midlands
E07000036,Erewash,110099,112081,1.8,population_all,East Midlands
E07000037,High Peak,89433,90892,1.63,population_all,East Midlands
E07000038,North East Derbyshire,96940,99023,2.15,population_all,East Midlands
E07000039,South Derbyshire,81562,94611,16.0,population_all,East Midlands
E07000040,East Devon,125520,132457,5.53,population_all,South West
E07000041,Exeter,111076,117773,6.03,population_all,South West
E07000042,Mid Devon,69774,77750,11.43,population_all,South West
E07000043,North Devon,87508,93667,7.04,population_all,South West
E07000044,South Hams,81849,83140,1.58,population_all,South West
E07000045,Teignbridge,120958,124220,2.7,population_all,South West
E07000046,Torridge,58965,63839,8.27,population_all,South West
E07000047,West Devon,48843,53553,9.64,population_all,South West
E07000061,Eastbourne,89667,99412,10.87,population_all,South East
E07000062,Hastings,85029,90254,6.14,population_all,South East
E07000063,Lewes,92177,97502,5.78,population_all,South East
E07000064,Rother,85428,90588,6.04,population_all,South East
E07000065,Wealden,140023,148915,6.35,population_all,South East
E07000066,Basildon,165668,174497,5.33,population_all,East
E07000067,Braintree,132179,147084,11.28,population_all,East
E07000068,Brentwood,68456,73601,7.52,population_all,East
E07000069,Castle Point,86608,88011,1.62,population_all,East
E07000070,Chelmsford,157072,168310,7.15,population_all,East
E07000071,Colchester,155796,173074,11.09,population_all,East
E07000072,Epping Forest,120896,124659,3.11,population_all,East
E07000073,Harlow,78768,81944,4.03,population_all,East
E07000074,Maldon,59418,61629,3.72,population_all,East
E07000075,Rochford,78489,83287,6.11,population_all,East
E07000076,Tendring,138539,138048,-0.35,population_all,East
E07000077,Uttlesford,68946,79443,15.22,population_all,East
E07000078,Cheltenham,110013,115732,5.2,population_all,South West
E07000079,Cotswold,80376,82881,3.12,population_all,South West
E07000080,Forest of Dean,79982,81961,2.47,population_all,South West
E07000081,Gloucester,109885,121688,10.74,population_all,South West
E07000082,Stroud,107898,112779,4.52,population_all,South West
E07000083,Tewkesbury,76405,81943,7.25,population_all,South West
E07000084,Basingstoke and Deane,152573,167799,9.98,population_all,South East
E07000085,East Hampshire,109274,115608,5.8,population_all,South East
E07000086,Eastleigh,116169,125199,7.77,population_all,South East
E07000087,Fareham,107977,111581,3.34,population_all,South East
E07000088,Gosport,76415,82622,8.12,population_all,South East
E07000089,Hart,83505,91033,9.02,population_all,South East
E07000090,Havant,116849,120684,3.28,population_all,South East
E07000091,New Forest,169331,176462,4.21,population_all,South East
E07000092,Rushmoor,90987,93807,3.1,population_all,South East
E07000093,Test Valley,109801,116398,6.01,population_all,South East
E07000094,Winchester,107222,116595,8.74,population_all,South East
E07000095,Broxbourne,87054,93609,7.53,population_all,East
E07000096,Dacorum,137799,144847,5.11,population_all,East
E07000098,Hertsmere,94450,100031,5.91,population_all,East
E07000099,North Hertfordshire,116908,127114,8.73,population_all,East
E07000102,Three Rivers,82848,87317,5.39,population_all,East
E07000103,Watford,79726,90301,13.26,population_all,East
E07000105,Ashford,102661,117956,14.9,population_all,South East
E07000106,Canterbury,135278,151145,11.73,population_all,South East
E07000107,Dartford,85911,97365,13.33,population_all,South East
E07000108,Dover,104566,111674,6.8,population_all,South East
E07000109,Gravesham,95717,101720,6.27,population_all,South East
E07000110,Maidstone,138948,155143,11.66,population_all,South East
E07000111,Sevenoaks,109305,114893,5.11,population_all,South East
E07000112,Folkestone and Hythe,96238,107969,12.19,population_all,South East
E07000113,Swale,122801,135835,10.61,population_all,South East
E07000114,Thanet,126702,134186,5.91,population_all,South East
E07000115,Tonbridge and Malling,107561,120805,12.31,population_all,South East
E07000116,Tunbridge Wells,104030,115049,10.59,population_all,South East
E07000117,Burnley,89542,87059,-2.77,population_all,North West
E07000118,Chorley,100449,107155,6.68,population_all,North West
E07000119,Fylde,73217,75757,3.47,population_all,North West
E07000120,Hyndburn,81496,80734,-0.94,population_all,North West
E07000121,Lancaster,133914,138375,3.33,population_all,North West
E07000122,Pendle,89248,89452,0.23,population_all,North West
E07000123,Preston,129633,140202,8.15,population_all,North West
E07000124,Ribble Valley,53960,57132,5.88,population_all,North West
E07000125,Rossendale,65652,67982,3.55,population_all,North West
E07000126,South Ribble,103867,109057,5.0,population_all,North West
E07000127,West Lancashire,108378,110685,2.13,population_all,North West
E07000128,Wyre,105618,107749,2.02,population_all,North West
E07000129,Blaby,90252,93915,4.06,population_all,East Midlands
E07000130,Charnwood,153462,166100,8.24,population_all,East Midlands
E07000131,Harborough,76559,85382,11.52,population_all,East Midlands
E07000132,Hinckley and Bosworth,100141,105078,4.93,population_all,East Midlands
E07000133,Melton,47866,50376,5.24,population_all,East Midlands
E07000134,North West Leicestershire,85503,93468,9.32,population_all,East Midlands
E07000135,Oadby and Wigston,55795,56170,0.67,population_all,East Midlands
E07000136,Boston,55750,64637,15.94,population_all,East Midlands
E07000137,East Lindsey,130447,136401,4.56,population_all,East Midlands
E07000138,Lincoln,85595,93541,9.28,population_all,East Midlands
E07000139,North Kesteven,94024,107766,14.62,population_all,East Midlands
E07000140,South Holland,76522,88270,15.35,population_all,East Midlands
E07000141,South Kesteven,124792,133788,7.21,population_all,East Midlands
E07000142,West Lindsey,79515,89250,12.24,population_all,East Midlands
E07000143,Breckland,121418,130491,7.47,population_all,East
E07000144,Broadland,118513,124646,5.17,population_all,East
E07000145,Great Yarmouth,90810,97277,7.12,population_all,East
E07000146,King's Lynn and West Norfolk,135345,147451,8.94,population_all,East
E07000147,North Norfolk,98382,101499,3.17,population_all,East
E07000148,Norwich,121550,132512,9.02,population_all,East
E07000149,South Norfolk,110710,124012,12.02,population_all,East
E07000150,Corby,53174,61255,15.2,population_all,East Midlands
E07000151,Daventry,72193,77843,7.83,population_all,East Midlands
E07000152,East Northamptonshire,76550,86765,13.34,population_all,East Midlands
E07000153,Kettering,81844,93475,14.21,population_all,East Midlands
E07000154,Northampton,194103,212069,9.26,population_all,East Midlands
E07000155,South Northamptonshire,79293,85189,7.44,population_all,East Midlands
E07000156,Wellingborough,72519,75356,3.91,population_all,East Midlands
E07000163,Craven,53620,55409,3.34,population_all,Yorkshire and The Humber
E07000164,Hambleton,84111,89140,5.98,population_all,Yorkshire and The Humber
E07000165,Harrogate,151336,157869,4.32,population_all,Yorkshire and The Humber
E07000166,Richmondshire,47010,51965,10.54,population_all,Yorkshire and The Humber
E07000167,Ryedale,50872,51751,1.73,population_all,Yorkshire and The Humber
E07000168,Scarborough,106243,108793,2.4,population_all,Yorkshire and The Humber
E07000169,Selby,76468,83449,9.13,population_all,Yorkshire and The Humber
E07000170,Ashfield,111155,119497,7.5,population_all,East Midlands
E07000171,Bassetlaw,107713,112863,4.78,population_all,East Midlands
E07000172,Broxtowe,107570,109487,1.78,population_all,East Midlands
E07000173,Gedling,112019,113543,1.36,population_all,East Midlands
E07000174,Mansfield,98181,104466,6.4,population_all,East Midlands
E07000175,Newark and Sherwood,106273,114817,8.04,population_all,East Midlands
E07000176,Rushcliffe,105599,111129,5.24,population_all,East Midlands
E07000177,Cherwell,131785,141868,7.65,population_all,South East
E07000178,Oxford,134248,151906,13.15,population_all,South East
E07000179,South Oxfordshire,128188,134257,4.73,population_all,South East
E07000180,Vale of White Horse,115627,120988,4.64,population_all,South East
E07000181,West Oxfordshire,95640,104779,9.56,population_all,South East
E07000187,Mendip,103869,109279,5.21,population_all,South West
E07000188,Sedgemoor,105881,114588,8.22,population_all,South West
E07000189,South Somerset,150969,161243,6.81,population_all,South West
E07000192,Cannock Chase,92126,97462,5.79,population_all,West Midlands
E07000193,East Staffordshire,103770,113583,9.46,population_all,West Midlands
E07000194,Lichfield,93232,100654,7.96,population_all,West Midlands
E07000195,Newcastle-under-Lyme,122030,123871,1.51,population_all,West Midlands
E07000196,South Staffordshire,105896,108131,2.11,population_all,West Midlands
E07000197,Stafford,120670,130869,8.45,population_all,West Midlands
E07000198,Staffordshire Moorlands,94489,97106,2.77,population_all,West Midlands
E07000199,Tamworth,74531,76813,3.06,population_all,West Midlands
E07000200,Babergh,83461,87740,5.13,population_all,East
E07000202,Ipswich,117069,133384,13.94,population_all,East
E07000203,Mid Suffolk,86837,96731,11.39,population_all,East
E07000207,Elmbridge,121936,130875,7.33,population_all,South East
E07000208,Epsom and Ewell,67059,75102,11.99,population_all,South East
E07000209,Guildford,129701,137183,5.77,population_all,South East
E07000210,Mole Valley,80287,85375,6.34,population_all,South East
E07000211,Reigate and Banstead,126523,137835,8.94,population_all,South East
E07000212,Runnymede,78033,80510,3.17,population_all,South East
E07000213,Spelthorne,90390,95598,5.76,population_all,South East
E07000214,Surrey Heath,80314,86144,7.26,population_all,South East
E07000215,Tandridge,79267,82998,4.71,population_all,South East
E07000216,Waverley,115665,121572,5.11,population_all,South East
E07000217,Woking,89840,99198,10.42,population_all,South East
E07000218,North Warwickshire,61860,62014,0.25,population_all,West Midlands
E07000219,Nuneaton and Bedworth,119132,125252,5.14,population_all,West Midlands
E07000220,Rugby,87453,100075,14.43,population_all,West Midlands
E07000221,Stratford-on-Avon,111484,120485,8.07,population_all,West Midlands
E07000222,Warwick,125931,137648,9.3,population_all,West Midlands
E07000223,Adur,59627,61182,2.61,population_all,South East
E07000224,Arun,140759,149518,6.22,population_all,South East
E07000225,Chichester,106450,113794,6.9,population_all,South East
E07000226,Crawley,99744,106597,6.87,population_all,South East
E07000227,Horsham,122088,131301,7.55,population_all,South East
E07000228,Mid Sussex,127378,139860,9.8,population_all,South East
E07000229,Worthing,97568,104640,7.25,population_all,South East
E07000234,Bromsgrove,87837,93637,6.6,population_all,West Midlands
E07000235,Malvern Hills,72172,74631,3.41,population_all,West Midlands
E07000236,Redditch,78807,84214,6.86,population_all,West Midlands
E07000237,Worcester,93353,98768,5.8,population_all,West Midlands
E07000238,Wychavon,112957,116944,3.53,population_all,West Midlands
E07000239,Wyre Forest,96981,97975,1.02,population_all,West Midlands
E07000240,St Albans,129005,140664,9.04,population_all,East
E07000241,Welwyn Hatfield,97553,110535,13.31,population_all,East
E07000242,East Hertfordshire,128919,137687,6.8,population_all,East
E07000243,Stevenage,79715,83957,5.32,population_all,East
E07000244,East Suffolk,227483,239552,5.31,population_all,East
E07000245,West Suffolk,153703,170756,11.09,population_all,East
E07000246,Somerset West and Taunton,137374,144862,5.45,population_all,South West
E08000001,Bolton,261037,276786,6.03,population_all,North West
E08000002,Bury,180608,185060,2.47,population_all,North West
E08000003,Manchester,392819,503127,28.08,population_all,North West
E08000004,Oldham,217273,224897,3.51,population_all,North West
E08000005,Rochdale,205357,211699,3.09,population_all,North West
E08000006,Salford,216103,233933,8.25,population_all,North West
E08000007,Stockport,284528,283275,-0.44,population_all,North West
E08000008,Tameside,213043,219324,2.95,population_all,North West
E08000009,Trafford,210145,226578,7.82,population_all,North West
E08000010,Wigan,301415,317849,5.45,population_all,North West
E08000011,Knowsley,150459,145893,-3.03,population_all,North West
E08000012,Liverpool,439473,466415,6.13,population_all,North West
E08000013,St. Helens,176843,175308,-0.87,population_all,North West
E08000014,Sefton,282958,273790,-3.24,population_all,North West
E08000015,Wirral,312293,319783,2.4,population_all,North West
E08000016,Barnsley,218063,231221,6.03,population_all,Yorkshire and The Humber
E08000017,Doncaster,286866,302402,5.42,population_all,Yorkshire and The Humber
E08000018,Rotherham,248175,257280,3.67,population_all,Yorkshire and The Humber
E08000019,Sheffield,513234,552698,7.69,population_all,Yorkshire and The Humber
E08000021,Newcastle upon Tyne,259536,280177,7.95,population_all,North East
E08000022,North Tyneside,191659,200801,4.77,population_all,North East
E08000023,South Tyneside,152785,148127,-3.05,population_all,North East
E08000024,Sunderland,280807,275506,-1.89,population_all,North East
E08000025,Birmingham,977087,1073045,9.82,population_all,West Midlands
E08000026,Coventry,300848,316960,5.36,population_all,West Midlands
E08000027,Dudley,305155,312925,2.55,population_all,West Midlands
E08000028,Sandwell,282904,308063,8.89,population_all,West Midlands
E08000029,Solihull,199517,206674,3.59,population_all,West Midlands
E08000030,Walsall,253499,269323,6.24,population_all,West Midlands
E08000031,Wolverhampton,236582,249470,5.45,population_all,West Midlands
E08000032,Bradford,467665,522452,11.72,population_all,Yorkshire and The Humber
E08000033,Calderdale,192405,203826,5.94,population_all,Yorkshire and The Humber
E08000034,Kirklees,388567,422458,8.72,population_all,Yorkshire and The Humber
E08000035,Leeds,715402,751485,5.04,population_all,Yorkshire and The Humber
E08000036,Wakefield,315172,325837,3.38,population_all,Yorkshire and The Humber
E08000037,Gateshead,191151,200214,4.74,population_all,North East
E09000001,City of London,6934,7375,6.36,population_all,London
E09000002,Barking and Dagenham,163944,185911,13.4,population_all,London
E09000003,Barnet,314564,356386,13.3,population_all,London
E09000004,Bexley,218307,231997,6.27,population_all,London
E09000005,Brent,263464,311215,18.12,population_all,London
E09000006,Bromley,295532,309392,4.69,population_all,London
E09000007,Camden,198020,220338,11.27,population_all,London
E09000008,Croydon,330896,363378,9.82,population_all,London
E09000009,Ealing,300948,338449,12.46,population_all,London
E09000010,Enfield,273559,312466,14.22,population_all,London
E09000011,Greenwich,214403,254557,18.73,population_all,London
E09000012,Hackney,202824,246270,21.42,population_all,London
E09000013,Hammersmith and Fulham,165242,182493,10.44,population_all,London
E09000014,Haringey,216507,254926,17.74,population_all,London
E09000015,Harrow,206814,239056,15.59,population_all,London
E09000016,Havering,224248,237232,5.79,population_all,London
E09000017,Hillingdon,243006,273936,12.73,population_all,London
E09000018,Hounslow,212341,253957,19.6,population_all,London
E09000019,Islington,176048,206125,17.08,population_all,London
E09000020,Kensington and Chelsea,158919,158649,-0.17,population_all,London
E09000021,Kingston upon Thames,147483,160060,8.53,population_all,London
E09000022,Lambeth,266169,303086,13.87,population_all,London
E09000023,Lewisham,248922,275885,10.83,population_all,London
E09000024,Merton,187908,199693,6.27,population_all,London
E09000025,Newham,243891,307984,26.28,population_all,London
E09000026,Redbridge,238635,278970,16.9,population_all,London
E09000027,Richmond upon Thames,172125,186990,8.64,population_all,London
E09000028,Southwark,244866,288283,17.73,population_all,London
E09000029,Sutton,179459,190146,5.96,population_all,London
E09000030,Tower Hamlets,196106,254096,29.57,population_all,London
E09000031,Waltham Forest,218341,258249,18.28,population_all,London
E09000032,Wandsworth,260380,306995,17.9,population_all,London
E09000033,Westminster,181286,219396,21.02,population_all,London
W06000001,Isle of Anglesey,66829,69751,4.37,population_all,Wales
W06000002,Gwynedd,116843,121874,4.31,population_all,Wales
W06000003,Conwy,109596,115228,5.14,population_all,Wales
W06000004,Denbighshire,93065,93734,0.72,population_all,Wales
W06000005,Flintshire,148594,152506,2.63,population_all,Wales
W06000006,Wrexham,128476,134844,4.96,population_all,Wales
W06000008,Ceredigion,74941,75922,1.31,population_all,Wales
W06000009,Pembrokeshire,114131,122439,7.28,population_all,Wales
W06000010,Carmarthenshire,172842,183777,6.33,population_all,Wales
W06000011,Swansea,223301,239023,7.04,population_all,Wales
W06000012,Neath Port Talbot,134468,139812,3.97,population_all,Wales
W06000013,Bridgend,128645,139178,8.19,population_all,Wales
W06000014,Vale of Glamorgan,119292,126336,5.9,population_all,Wales
W06000015,Cardiff,305353,346090,13.34,population_all,Wales
W06000016,Rhondda Cynon Taff,231946,234410,1.06,population_all,Wales
W06000018,Caerphilly,169519,178806,5.48,population_all,Wales
W06000019,Blaenau Gwent,70064,69814,-0.36,population_all,Wales
W06000020,Torfaen,90949,91075,0.14,population_all,Wales
W06000021,Monmouthshire,84885,91323,7.58,population_all,Wales
W06000022,Newport,137011,145736,6.37,population_all,Wales
W06000023,Powys,126354,132976,5.24,population_all,Wales
W06000024,Merthyr Tydfil,55981,58802,5.04,population_all,Wales
E06000001,Hartlepool,64.2,75.99,11.79,health_good,North East
E06000002,Middlesbrough,65.2,78.14,12.94,health_good,North East
E06000003,Redcar and Cleveland,63.41,76.29,12.88,health_good,North East
E06000004,Stockton-on-Tees,66.88,79.9,13.02,health_good,North East
E06000005,Darlington,66.36,79.8,13.44,health_good,North East
E06000006,Halton,66.52,78.23,11.71,health_good,North West
E06000007,Warrington,70.59,82.56,11.97,health_good,North West
E06000008,Blackburn with Darwen,66.65,78.65,12.0,health_good,North West
E06000009,Blackpool,61.05,73.64,12.59,health_good,North West
E06000010,"Kingston upon Hull, City of",65.17,78.05,12.88,health_good,Yorkshire and The Humber
E06000011,East Riding of Yorkshire,68.82,80.16,11.34,health_good,Yorkshire and The Humber
E06000012,North East Lincolnshire,67.58,79.05,11.47,health_good,Yorkshire and The Humber
E06000013,North Lincolnshire,66.52,79.5,12.98,health_good,Yorkshire and The Humber
E06000014,York,70.26,83.87,13.61,health_good,Yorkshire and The Humber
E06000015,Derby,66.45,79.96,13.51,health_good,East Midlands
E06000016,Leicester,65.54,80.54,15.0,health_good,East Midlands
E06000017,Rutland,72.87,84.42,11.55,health_good,East Midlands
E06000018,Nottingham,64.97,79.94,14.97,health_good,East Midlands
E06000019,"Herefordshire, County of",68.72,80.86,12.14,health_good,West Midlands
E06000020,Telford and Wrekin,68.64,80.19,11.55,health_good,West Midlands
E06000021,Stoke-on-Trent,63.05,76.63,13.58,health_good,West Midlands
E06000022,Bath and North East Somerset,71.46,83.93,12.47,health_good,South West
E06000023,"Bristol, City of",68.63,82.27,13.64,health_good,South West
E06000024,North Somerset,68.98,81.08,12.1,health_good,South West
E06000025,South Gloucestershire,72.42,84.03,11.61,health_good,South West
E06000026,Plymouth,66.75,79.54,12.79,health_good,South West
E06000027,Torbay,63.65,76.14,12.49,health_good,South West
E06000030,Swindon,70.72,83.44,12.72,health_good,South West
E06000031,Peterborough,68.59,81.56,12.97,health_good,East
E06000032,Luton,69.64,82.63,12.99,health_good,East
E06000033,Southend-on-Sea,66.89,80.2,13.31,health_good,East
E06000034,Thurrock,70.08,82.94,12.86,health_good,East
E06000035,Medway,69.81,81.97,12.16,health_good,South East
E06000036,Bracknell Forest,75.31,86.69,11.38,health_good,South East
E06000037,West Berkshire,74.86,86.14,11.28,health_good,South East
E06000038,Reading,72.46,85.47,13.01,health_good,South East
E06000039,Slough,70.49,83.89,13.4,health_good,South East
E06000040,Windsor and Maidenhead,75.35,86.73,11.38,health_good,South East
E06000041,Wokingham,77.58,87.81,10.23,health_good,South East
E06000042,Milton Keynes,72.46,85.04,12.58,health_good,South East
E06000043,Brighton and Hove,68.05,82.91,14.86,health_good,South East
E06000044,Portsmouth,67.87,82.53,14.66,health_good,South East
E06000045,Southampton,68.31,82.54,14.23,health_good,South East
E06000046,Isle of Wight,65.06,77.34,12.28,health_good,South East
E06000047,County Durham,62.62,75.78,13.16,health_good,North East
E06000049,Cheshire East,70.91,82.31,11.4,health_good,North West
E06000050,Cheshire West and Chester,70.18,81.53,11.35,health_good,North West
E06000051,Shropshire,69.37,81.41,12.04,health_good,West Midlands
E06000052,Cornwall,65.8,78.82,13.02,health_good,South West
E06000053,Isles of Scilly,73.04,85.75,12.71,health_good,South West
E06000054,Wiltshire,72.49,83.8,11.31,health_good,South West
E06000055,Bedford,71.35,82.88,11.53,health_good,East
E06000056,Central Bedfordshire,73.29,84.67,11.38,health_good,East
E06000057,Northumberland,65.6,78.3,12.7,health_good,North East
E06000058,"Bournemouth, Christchurch and Poole",67.03,80.69,13.66,health_good,South West
E06000059,Dorset,68.6,80.84,12.24,health_good,South West
E06000060,Buckinghamshire,74.86,85.85,10.99,health_good,South East
E07000008,Cambridge,74.06,86.66,12.6,health_good,East
E07000009,East Cambridgeshire,71.39,83.94,12.55,health_good,East
E07000010,Fenland,65.56,77.28,11.72,health_good,East
E07000011,Huntingdonshire,73.37,84.45,11.08,health_good,East
E07000012,South Cambridgeshire,75.07,86.17,11.1,health_good,East
E07000026,Allerdale,66.55,79.01,12.46,health_good,North West
E07000027,Barrow-in-Furness,63.12,75.85,12.73,health_good,North West
E07000028,Carlisle,67.4,80.06,12.66,health_good,North West
E07000029,Copeland,66.73,78.28,11.55,health_good,North West
E07000030,Eden,69.71,81.84,12.13,health_good,North West
E07000031,South Lakeland,69.21,81.85,12.64,health_good,North West
E07000032,Amber Valley,66.03,79.0,12.97,health_good,East Midlands
E07000033,Bolsover,59.8,74.28,14.48,health_good,East Midlands
E07000034,Chesterfield,62.37,76.02,13.65,health_good,East Midlands
E07000035,Derbyshire Dales,69.06,81.8,12.74,health_good,East Midlands
E07000036,Erewash,66.7,79.42,12.72,health_good,East Midlands
E07000037,High Peak,69.23,81.6,12.37,health_good,East Midlands
E07000038,North East Derbyshire,64.44,77.22,12.78,health_good,East Midlands
E07000039,South Derbyshire,68.97,82.05,13.08,health_good,East Midlands
E07000040,East Devon,67.05,79.81,12.76,health_good,South West
E07000041,Exeter,70.08,83.28,13.2,health_good,South West
E07000042,Mid Devon,69.54,82.08,12.54,health_good,South West
E07000043,North Devon,67.85,80.23,12.38,health_good,South West
E07000044,South Hams,69.71,81.78,12.07,health_good,South West
E07000045,Teignbridge,67.65,79.83,12.18,health_good,South West
E07000046,Torridge,65.74,78.37,12.63,health_good,South West
E07000047,West Devon,68.43,80.58,12.15,health_good,South West
E07000061,Eastbourne,64.19,78.47,14.28,health_good,South East
E07000062,Hastings,63.34,76.74,13.4,health_good,South East
E07000063,Lewes,68.15,80.36,12.21,health_good,South East
E07000064,Rother,65.19,77.15,11.96,health_good,South East
E07000065,Wealden,70.55,82.51,11.96,health_good,South East
E07000066,Basildon,69.51,81.2,11.69,health_good,East
E07000067,Braintree,71.61,83.2,11.59,health_good,East
E07000068,Brentwood,72.86,84.35,11.49,health_good,East
E07000069,Castle Point,69.3,79.61,10.31,health_good,East
E07000070,Chelmsford,73.92,84.91,10.99,health_good,East
E07000071,Colchester,71.33,83.66,12.33,health_good,East
E07000072,Epping Forest,71.75,83.02,11.27,health_good,East
E07000073,Harlow,68.57,80.97,12.4,health_good,East
E07000074,Maldon,71.69,81.83,10.14,health_good,East
E07000075,Rochford,71.13,82.68,11.55,health_good,East
E07000076,Tendring,62.51,74.24,11.73,health_good,East
E07000077,Uttlesford,74.77,85.88,11.11,health_good,East
E07000078,Cheltenham,71.22,84.23,13.01,health_good,South West
E07000079,Cotswold,72.12,83.86,11.74,health_good,South West
E07000080,Forest of Dean,67.96,80.06,12.1,health_good,South West
E07000081,Gloucester,69.24,82.02,12.78,health_good,South West
E07000082,Stroud,71.0,82.9,11.9,health_good,South West
E07000083,Tewkesbury,71.83,83.25,11.42,health_good,South West
E07000084,Basingstoke and Deane,74.32,85.79,11.47,health_good,South East
E07000085,East Hampshire,74.11,85.15,11.04,health_good,South East
E07000086,Eastleigh,73.26,84.47,11.21,health_good,South East
E07000087,Fareham,72.18,83.75,11.57,health_good,South East
E07000088,Gosport,68.94,81.53,12.59,health_good,South East
E07000089,Hart,77.24,88.1,10.86,health_good,South East
E07000090,Havant,67.89,80.17,12.28,health_good,South East
E07000091,New Forest,69.41,81.02,11.61,health_good,South East
E07000092,Rushmoor,73.48,85.61,12.13,health_good,South East
E07000093,Test Valley,73.69,84.61,10.92,health_good,South East
E07000094,Winchester,74.61,85.98,11.37,health_good,South East
E07000095,Broxbourne,71.45,83.04,11.59,health_good,East
E07000096,Dacorum,73.28,84.39,11.11,health_good,East
E07000098,Hertsmere,73.19,84.42,11.23,health_good,East
E07000099,North Hertfordshire,72.13,84.3,12.17,health_good,East
E07000102,Three Rivers,73.58,84.91,11.33,health_good,East
E07000103,Watford,72.57,84.89,12.32,health_good,East
E07000105,Ashford,70.2,82.67,12.47,health_good,South East
E07000106,Canterbury,67.56,81.45,13.89,health_good,South East
E07000107,Dartford,70.37,83.41,13.04,health_good,South East
E07000108,Dover,66.38,78.72,12.34,health_good,South East
E07000109,Gravesham,69.38,81.47,12.09,health_good,South East
E07000110,Maidstone,71.2,83.16,11.96,health_good,South East
E07000111,Sevenoaks,72.92,84.55,11.63,health_good,South East
E07000112,Folkestone and Hythe,66.08,78.33,12.25,health_good,South East
E07000113,Swale,68.28,80.18,11.9,health_good,South East
E07000114,Thanet,63.19,75.83,12.64,health_good,South East
E07000115,Tonbridge and Malling,72.5,84.25,11.75,health_good,South East
E07000116,Tunbridge Wells,72.93,85.02,12.09,health_good,South East
E07000117,Burnley,64.79,76.57,11.78,health_good,North West
E07000118,Chorley,69.1,81.2,12.1,health_good,North West
E07000119,Fylde,66.74,78.42,11.68,health_good,North West
E07000120,Hyndburn,64.4,77.25,12.85,health_good,North West
E07000121,Lancaster,67.37,80.51,13.14,health_good,North West
E07000122,Pendle,65.3,78.02,12.72,health_good,North West
E07000123,Preston,67.26,80.68,13.42,health_good,North West
E07000124,Ribble Valley,71.57,83.65,12.08,health_good,North West
E07000125,Rossendale,66.92,79.35,12.43,health_good,North West
E07000126,South Ribble,69.22,81.81,12.59,health_good,North West
E07000127,West Lancashire,69.06,80.32,11.26,health_good,North West
E07000128,Wyre,65.32,76.87,11.55,health_good,North West
E07000129,Blaby,71.31,83.32,12.01,health_good,East Midlands
E07000130,Charnwood,70.52,83.41,12.89,health_good,East Midlands
E07000131,Harborough,73.17,85.13,11.96,health_good,East Midlands
E07000132,Hinckley and Bosworth,69.41,82.1,12.69,health_good,East Midlands
E07000133,Melton,72.28,83.85,11.57,health_good,East Midlands
E07000134,North West Leicestershire,67.37,80.97,13.6,health_good,East Midlands
E07000135,Oadby and Wigston,70.03,81.81,11.78,health_good,East Midlands
E07000136,Boston,64.64,78.16,13.52,health_good,East Midlands
E07000137,East Lindsey,62.53,73.52,10.99,health_good,East Midlands
E07000138,Lincoln,67.19,80.76,13.57,health_good,East Midlands
E07000139,North Kesteven,69.57,81.1,11.53,health_good,East Midlands
E07000140,South Holland,64.93,78.08,13.15,health_good,East Midlands
E07000141,South Kesteven,70.6,81.94,11.34,health_good,East Midlands
E07000142,West Lindsey,68.27,79.96,11.69,health_good,East Midlands
E07000143,Breckland,66.98,79.52,12.54,health_good,East
E07000144,Broadland,68.73,81.29,12.56,health_good,East
E07000145,Great Yarmouth,63.31,76.31,13.0,health_good,East
E07000146,King's Lynn and West Norfolk,65.1,77.99,12.89,health_good,East
E07000147,North Norfolk,63.92,76.69,12.77,health_good,East
E07000148,Norwich,64.94,80.29,15.35,health_good,East
E07000149,South Norfolk,68.89,82.15,13.26,health_good,East
E07000150,Corby,68.14,81.1,12.96,health_good,East Midlands
E07000151,Daventry,73.47,83.71,10.24,health_good,East Midlands
E07000152,East Northamptonshire,70.63,82.79,12.16,health_good,East Midlands
E07000153,Kettering,69.93,82.39,12.46,health_good,East Midlands
E07000154,Northampton,70.01,82.85,12.84,health_good,East Midlands
E07000155,South Northamptonshire,74.55,85.58,11.03,health_good,East Midlands
E07000156,Wellingborough,67.81,80.71,12.9,health_good,East Midlands
E07000163,Craven,70.13,82.18,12.05,health_good,Yorkshire and The Humber
E07000164,Hambleton,71.76,83.09,11.33,health_good,Yorkshire and The Humber
E07000165,Harrogate,72.15,84.4,12.25,health_good,Yorkshire and The Humber
E07000166,Richmondshire,72.98,84.79,11.81,health_good,Yorkshire and The Humber
E07000167,Ryedale,69.39,81.22,11.83,health_good,Yorkshire and The Humber
E07000168,Scarborough,65.44,77.18,11.74,health_good,Yorkshire and The Humber
E07000169,Selby,70.51,82.66,12.15,health_good,Yorkshire and The Humber
E07000170,Ashfield,63.13,76.53,13.4,health_good,East Midlands
E07000171,Bassetlaw,65.3,77.5,12.2,health_good,East Midlands
E07000172,Broxtowe,68.1,80.47,12.37,health_good,East Midlands
E07000173,Gedling,68.1,80.22,12.12,health_good,East Midlands
E07000174,Mansfield,62.74,75.8,13.06,health_good,East Midlands
E07000175,Newark and Sherwood,67.28,79.41,12.13,health_good,East Midlands
E07000176,Rushcliffe,72.82,84.51,11.69,health_good,East Midlands
E07000177,Cherwell,72.98,84.98,12.0,health_good,South East
E07000178,Oxford,73.07,86.96,13.89,health_good,South East
E07000179,South Oxfordshire,74.74,85.92,11.18,health_good,South East
E07000180,Vale of White Horse,74.92,85.84,10.92,health_good,South East
E07000181,West Oxfordshire,73.79,85.34,11.55,health_good,South East
E07000187,Mendip,70.06,81.83,11.77,health_good,South West
E07000188,Sedgemoor,66.81,79.71,12.9,health_good,South West
E07000189,South Somerset,68.55,81.36,12.81,health_good,South West
E07000192,Cannock Chase,66.94,78.77,11.83,health_good,West Midlands
E07000193,East Staffordshire,69.42,81.59,12.17,health_good,West Midlands
E07000194,Lichfield,70.05,81.7,11.65,health_good,West Midlands
E07000195,Newcastle-under-Lyme,66.13,79.14,13.01,health_good,West Midlands
E07000196,South Staffordshire,70.39,80.85,10.46,health_good,West Midlands
E07000197,Stafford,69.57,81.72,12.15,health_good,West Midlands
E07000198,Staffordshire Moorlands,67.53,79.22,11.69,health_good,West Midlands
E07000199,Tamworth,69.13,80.84,11.71,health_good,West Midlands
E07000200,Babergh,70.44,82.41,11.97,health_good,East
E07000202,Ipswich,68.11,81.4,13.29,health_good,East
E07000203,Mid Suffolk,71.48,83.19,11.71,health_good,East
E07000207,Elmbridge,76.23,87.44,11.21,health_good,South East
E07000208,Epsom and Ewell,73.77,85.97,12.2,health_good,South East
E07000209,Guildford,75.17,87.05,11.88,health_good,South East
E07000210,Mole Valley,74.18,85.19,11.01,health_good,South East
E07000211,Reigate and Banstead,73.75,85.58,11.83,health_good,South East
E07000212,Runnymede,73.68,85.42,11.74,health_good,South East
E07000213,Spelthorne,72.52,83.86,11.34,health_good,South East
E07000214,Surrey Heath,76.73,86.77,10.04,health_good,South East
E07000215,Tandridge,73.63,84.86,11.23,health_good,South East
E07000216,Waverley,74.51,86.24,11.73,health_good,South East
E07000217,Woking,74.42,86.34,11.92,health_good,South East
E07000218,North Warwickshire,67.85,79.95,12.1,health_good,West Midlands
E07000219,Nuneaton and Bedworth,67.38,79.31,11.93,health_good,West Midlands
E07000220,Rugby,70.32,82.95,12.63,health_good,West Midlands
E07000221,Stratford-on-Avon,71.5,83.05,11.55,health_good,West Midlands
E07000222,Warwick,71.64,84.55,12.91,health_good,West Midlands
E07000223,Adur,66.66,79.24,12.58,health_good,South East
E07000224,Arun,65.56,78.75,13.19,health_good,South East
E07000225,Chichester,70.4,82.59,12.19,health_good,South East
E07000226,Crawley,71.21,83.52,12.31,health_good,South East
E07000227,Horsham,74.17,85.37,11.2,health_good,South East
E07000228,Mid Sussex,74.41,85.78,11.37,health_good,South East
E07000229,Worthing,66.27,80.32,14.05,health_good,South East
E07000234,Bromsgrove,71.06,82.49,11.43,health_good,West Midlands
E07000235,Malvern Hills,69.1,80.64,11.54,health_good,West Midlands
E07000236,Redditch,70.15,81.63,11.48,health_good,West Midlands
E07000237,Worcester,69.92,82.36,12.44,health_good,West Midlands
E07000238,Wychavon,70.42,81.96,11.54,health_good,West Midlands
E07000239,Wyre Forest,67.46,78.81,11.35,health_good,West Midlands
E07000240,St Albans,75.48,86.98,11.5,health_good,East
E07000241,Welwyn Hatfield,71.18,84.81,13.63,health_good,East
E07000242,East Hertfordshire,75.17,86.23,11.06,health_good,East
E07000243,Stevenage,70.95,82.74,11.79,health_good,East
E07000244,East Suffolk,67.48,79.64,12.16,health_good,East
E07000245,West Suffolk,71.49,83.24,11.75,health_good,East
E07000246,Somerset West and Taunton,67.85,80.53,12.68,health_good,South West
E08000001,Bolton,67.04,79.24,12.2,health_good,North West
E08000002,Bury,67.8,80.39,12.59,health_good,North West
E08000003,Manchester,64.58,80.45,15.87,health_good,North West
E08000004,Oldham,65.69,78.49,12.8,health_good,North West
E08000005,Rochdale,66.1,77.65,11.55,health_good,North West
E08000006,Salford,64.67,78.39,13.72,health_good,North West
E08000007,Stockport,69.23,81.11,11.88,health_good,North West
E08000008,Tameside,65.22,77.66,12.44,health_good,North West
E08000009,Trafford,69.85,82.62,12.77,health_good,North West
E08000010,Wigan,65.49,78.09,12.6,health_good,North West
E08000011,Knowsley,65.03,75.85,10.82,health_good,North West
E08000012,Liverpool,64.47,77.21,12.74,health_good,North West
E08000013,St. Helens,64.82,76.78,11.96,health_good,North West
E08000014,Sefton,67.02,77.86,10.84,health_good,North West
E08000015,Wirral,66.88,78.21,11.33,health_good,North West
E08000016,Barnsley,61.31,75.18,13.87,health_good,Yorkshire and The Humber
E08000017,Doncaster,64.54,77.62,13.08,health_good,Yorkshire and The Humber
E08000018,Rotherham,64.48,77.14,12.66,health_good,Yorkshire and The Humber
E08000019,Sheffield,65.23,80.08,14.85,health_good,Yorkshire and The Humber
E08000021,Newcastle upon Tyne,65.08,79.6,14.52,health_good,North East
E08000022,North Tyneside,64.93,78.18,13.25,health_good,North East
E08000023,South Tyneside,63.9,75.75,11.85,health_good,North East
E08000024,Sunderland,63.92,75.47,11.55,health_good,North East
E08000025,Birmingham,65.66,79.44,13.78,health_good,West Midlands
E08000026,Coventry,67.41,80.69,13.28,health_good,West Midlands
E08000027,Dudley,65.8,78.21,12.41,health_good,West Midlands
E08000028,Sandwell,62.65,76.69,14.04,health_good,West Midlands
E08000029,Solihull,70.89,81.71,10.82,health_good,West Midlands
E08000030,Walsall,64.74,77.3,12.56,health_good,West Midlands
E08000031,Wolverhampton,63.56,77.14,13.58,health_good,West Midlands
E08000032,Bradford,67.27,80.42,13.15,health_good,Yorkshire and The Humber
E08000033,Calderdale,67.64,80.68,13.04,health_good,Yorkshire and The Humber
E08000034,Kirklees,67.71,80.5,12.79,health_good,Yorkshire and The Humber
E08000035,Leeds,68.31,81.88,13.57,health_good,Yorkshire and The Humber
E08000036,Wakefield,64.6,76.79,12.19,health_good,Yorkshire and The Humber
E08000037,Gateshead,62.58,76.48,13.9,health_good,North East
E09000001,City of London,74.01,87.95,13.94,health_good,London
E09000002,Barking and Dagenham,65.49,80.97,15.48,health_good,London
E09000003,Barnet,72.5,84.45,11.95,health_good,London
E09000004,Bexley,70.32,82.66,12.34,health_good,London
E09000005,Brent,70.04,82.86,12.82,health_good,London
E09000006,Bromley,72.45,84.22,11.77,health_good,London
E09000007,Camden,71.27,83.97,12.7,health_good,London
E09000008,Croydon,70.71,83.44,12.73,health_good,London
E09000009,Ealing,71.07,83.65,12.58,health_good,London
E09000010,Enfield,69.55,81.85,12.3,health_good,London
E09000011,Greenwich,68.35,83.09,14.74,health_good,London
E09000012,Hackney,68.36,82.89,14.53,health_good,London
E09000013,Hammersmith and Fulham,72.99,85.71,12.72,health_good,London
E09000014,Haringey,70.16,83.18,13.02,health_good,London
E09000015,Harrow,72.11,83.58,11.47,health_good,London
E09000016,Havering,69.72,81.57,11.85,health_good,London
E09000017,Hillingdon,71.34,84.06,12.72,health_good,London
E09000018,Hounslow,70.91,84.07,13.16,health_good,London
E09000019,Islington,68.0,82.36,14.36,health_good,London
E09000020,Kensington and Chelsea,75.18,86.32,11.14,health_good,London
E09000021,Kingston upon Thames,73.91,86.17,12.26,health_good,London
E09000022,Lambeth,71.57,85.0,13.43,health_good,London
E09000023,Lewisham,69.18,83.11,13.93,health_good,London
E09000024,Merton,72.69,85.63,12.94,health_good,London
E09000025,Newham,67.95,83.06,15.11,health_good,London
E09000026,Redbridge,69.76,83.1,13.34,health_good,London
E09000027,Richmond upon Thames,76.34,87.87,11.53,health_good,London
E09000028,Southwark,70.3,84.71,14.41,health_good,London
E09000029,Sutton,71.54,84.27,12.73,health_good,London
E09000030,Tower Hamlets,67.89,83.31,15.42,health_good,London
E09000031,Waltham Forest,68.6,82.71,14.11,health_good,London
E09000032,Wandsworth,74.58,87.34,12.76,health_good,London
E09000033,Westminster,72.39,84.15,11.76,health_good,London
W06000001,Isle of Anglesey,67.37,78.57,11.2,health_good,Wales
W06000002,Gwynedd,69.25,81.05,11.8,health_good,Wales
W06000003,Conwy,65.19,77.51,12.32,health_good,Wales
W06000004,Denbighshire,66.0,78.0,12.0,health_good,Wales
W06000005,Flintshire,69.64,81.12,11.48,health_good,Wales
W06000006,Wrexham,66.98,79.69,12.71,health_good,Wales
W06000008,Ceredigion,66.96,79.25,12.29,health_good,Wales
W06000009,Pembrokeshire,65.64,77.94,12.3,health_good,Wales
W06000010,Carmarthenshire,62.41,75.23,12.82,health_good,Wales
W06000011,Swansea,64.59,77.93,13.34,health_good,Wales
W06000012,Neath Port Talbot,59.69,73.34,13.65,health_good,Wales
W06000013,Bridgend,63.52,76.01,12.49,health_good,Wales
W06000014,Vale of Glamorgan,68.28,80.06,11.78,health_good,Wales
W06000015,Cardiff,69.03,81.43,12.4,health_good,Wales
W06000016,Rhondda Cynon Taff,61.04,74.53,13.49,health_good,Wales
W06000018,Caerphilly,61.58,74.75,13.17,health_good,Wales
W06000019,Blaenau Gwent,59.28,72.56,13.28,health_good,Wales
W06000020,Torfaen,62.16,75.78,13.62,health_good,Wales
W06000021,Monmouthshire,68.64,80.05,11.41,health_good,Wales
W06000022,Newport,65.4,78.55,13.15,health_good,Wales
W06000023,Powys,66.76,78.94,12.18,health_good,Wales
W06000024,Merthyr Tydfil,58.63,72.97,14.34,health_good,Wales
E06000001,Hartlepool,66.36,71.72,5.36,travel_car_van,North East
E06000002,Middlesbrough,67.69,68.3,0.61,travel_car_van,North East
E06000003,Redcar and Cleveland,69.57,74.48,4.91,travel_car_van,North East
E06000004,Stockton-on-Tees,72.81,76.42,3.61,travel_car_van,North East
E06000005,Darlington,66.23,69.23,3.0,travel_car_van,North East
E06000006,Halton,74.14,75.34,1.2,travel_car_van,North West
E06000007,Warrington,75.0,76.37,1.37,travel_car_van,North West
E06000008,Blackburn with Darwen,69.07,72.07,3.0,travel_car_van,North West
E06000009,Blackpool,60.15,64.14,3.99,travel_car_van,North West
E06000010,"Kingston upon Hull, City of",62.23,61.1,-1.13,travel_car_van,Yorkshire and The Humber
E06000011,East Riding of Yorkshire,62.93,72.96,10.03,travel_car_van,Yorkshire and The Humber
E06000012,North East Lincolnshire,66.36,70.87,4.51,travel_car_van,Yorkshire and The Humber
E06000013,North Lincolnshire,72.0,77.04,5.04,travel_car_van,Yorkshire and The Humber
E06000014,York,55.23,53.13,-2.1,travel_car_van,Yorkshire and The Humber
E06000015,Derby,67.7,67.75,0.05,travel_car_van,East Midlands
E06000016,Leicester,62.83,59.82,-3.01,travel_car_van,East Midlands
E06000017,Rutland,60.85,66.41,5.56,travel_car_van,East Midlands
E06000018,Nottingham,60.5,51.54,-8.96,travel_car_van,East Midlands
E06000019,"Herefordshire, County of",62.29,67.97,5.68,travel_car_van,West Midlands
E06000020,Telford and Wrekin,75.71,78.02,2.31,travel_car_van,West Midlands
E06000021,Stoke-on-Trent,70.93,74.27,3.34,travel_car_van,West Midlands
E06000022,Bath and North East Somerset,61.4,60.03,-1.37,travel_car_van,South West
E06000023,"Bristol, City of",61.19,54.75,-6.44,travel_car_van,South West
E06000024,North Somerset,66.34,73.74,7.4,travel_car_van,South West
E06000025,South Gloucestershire,73.09,74.86,1.77,travel_car_van,South West
E06000026,Plymouth,63.62,64.12,0.5,travel_car_van,South West
E06000027,Torbay,63.67,67.97,4.3,travel_car_van,South West
E06000030,Swindon,69.57,69.67,0.1,travel_car_van,South West
E06000031,Peterborough,71.97,68.99,-2.98,travel_car_van,East
E06000032,Luton,68.77,66.2,-2.57,travel_car_van,East
E06000033,Southend-on-Sea,61.95,55.29,-6.66,travel_car_van,East
E06000034,Thurrock,72.27,66.54,-5.73,travel_car_van,East
E06000035,Medway,67.0,69.6,2.6,travel_car_van,South East
E06000036,Bracknell Forest,72.39,74.72,2.33,travel_car_van,South East
E06000037,West Berkshire,71.37,70.31,-1.06,travel_car_van,South East
E06000038,Reading,57.24,51.61,-5.63,travel_car_van,South East
E06000039,Slough,74.28,67.22,-7.06,travel_car_van,South East
E06000040,Windsor and Maidenhead,68.91,66.36,-2.55,travel_car_van,South East
E06000041,Wokingham,68.48,71.12,2.64,travel_car_van,South East
E06000042,Milton Keynes,76.51,71.71,-4.8,travel_car_van,South East
E06000043,Brighton and Hove,49.28,40.71,-8.57,travel_car_van,South East
E06000044,Portsmouth,60.85,58.01,-2.84,travel_car_van,South East
E06000045,Southampton,62.95,61.02,-1.93,travel_car_van,South East
E06000046,Isle of Wight,60.96,62.51,1.55,travel_car_van,South East
E06000047,County Durham,67.94,75.44,7.5,travel_car_van,North East
E06000049,Cheshire East,70.97,73.58,2.61,travel_car_van,North West
E06000050,Cheshire West and Chester,70.96,73.94,2.98,travel_car_van,North West
E06000051,Shropshire,62.18,70.52,8.34,travel_car_van,West Midlands
E06000052,Cornwall,64.6,69.77,5.17,travel_car_van,South West
E06000053,Isles of Scilly,19.54,24.18,4.64,travel_car_van,South West
E06000054,Wiltshire,64.58,69.62,5.04,travel_car_van,South West
E06000055,Bedford,68.33,69.28,0.95,travel_car_van,East
E06000056,Central Bedfordshire,67.74,74.27,6.53,travel_car_van,East
E06000057,Northumberland,62.53,71.89,9.36,travel_car_van,North East
E06000058,"Bournemouth, Christchurch and Poole",67.99,67.03,-0.96,travel_car_van,South West
E06000059,Dorset,63.87,69.96,6.09,travel_car_van,South West
E06000060,Buckinghamshire,68.86,69.55,0.69,travel_car_van,South East
E07000008,Cambridge,57.33,34.45,-22.88,travel_car_van,East
E07000009,East Cambridgeshire,66.33,74.37,8.04,travel_car_van,East
E07000010,Fenland,68.51,75.2,6.69,travel_car_van,East
E07000011,Huntingdonshire,70.02,73.17,3.15,travel_car_van,East
E07000012,South Cambridgeshire,70.48,67.87,-2.61,travel_car_van,East
E07000026,Allerdale,63.65,71.23,7.58,travel_car_van,North West
E07000027,Barrow-in-Furness,58.77,63.37,4.6,travel_car_van,North West
E07000028,Carlisle,63.77,66.65,2.88,travel_car_van,North West
E07000029,Copeland,72.4,75.5,3.1,travel_car_van,North West
E07000030,Eden,58.8,65.65,6.85,travel_car_van,North West
E07000031,South Lakeland,60.07,64.49,4.42,travel_car_van,North West
E07000032,Amber Valley,70.55,76.78,6.23,travel_car_van,East Midlands
E07000033,Bolsover,68.95,79.2,10.25,travel_car_van,East Midlands
E07000034,Chesterfield,69.83,72.68,2.85,travel_car_van,East Midlands
E07000035,Derbyshire Dales,65.95,70.77,4.82,travel_car_van,East Midlands
E07000036,Erewash,63.48,72.6,9.12,travel_car_van,East Midlands
E07000037,High Peak,61.4,68.1,6.7,travel_car_van,East Midlands
E07000038,North East Derbyshire,66.41,78.68,12.27,travel_car_van,East Midlands
E07000039,South Derbyshire,69.59,80.61,11.02,travel_car_van,East Midlands
E07000040,East Devon,60.02,67.27,7.25,travel_car_van,South West
E07000041,Exeter,65.07,52.86,-12.21,travel_car_van,South West
E07000042,Mid Devon,58.73,69.29,10.56,travel_car_van,South West
E07000043,North Devon,60.12,61.88,1.76,travel_car_van,South West
E07000044,South Hams,63.39,66.63,3.24,travel_car_van,South West
E07000045,Teignbridge,65.05,71.54,6.49,travel_car_van,South West
E07000046,Torridge,57.52,67.22,9.7,travel_car_van,South West
E07000047,West Devon,59.3,66.79,7.49,travel_car_van,South West
E07000061,Eastbourne,63.34,63.39,0.05,travel_car_van,South East
E07000062,Hastings,64.02,62.17,-1.85,travel_car_van,South East
E07000063,Lewes,64.03,61.43,-2.6,travel_car_van,South East
E07000064,Rother,61.79,67.73,5.94,travel_car_van,South East
E07000065,Wealden,65.49,70.46,4.97,travel_car_van,South East
E07000066,Basildon,72.71,63.13,-9.58,travel_car_van,East
E07000067,Braintree,65.94,70.27,4.33,travel_car_van,East
E07000068,Brentwood,72.43,56.42,-16.01,travel_car_van,East
E07000069,Castle Point,63.17,68.38,5.21,travel_car_van,East
E07000070,Chelmsford,67.82,62.33,-5.49,travel_car_van,East
E07000071,Colchester,64.98,62.79,-2.19,travel_car_van,East
E07000072,Epping Forest,65.61,58.77,-6.84,travel_car_van,East
E07000073,Harlow,71.5,69.16,-2.34,travel_car_van,East
E07000074,Maldon,65.55,71.65,6.1,travel_car_van,East
E07000075,Rochford,65.76,66.9,1.14,travel_car_van,East
E07000076,Tendring,62.74,70.41,7.67,travel_car_van,East
E07000077,Uttlesford,70.81,68.52,-2.29,travel_car_van,East
E07000078,Cheltenham,63.89,60.4,-3.49,travel_car_van,South West
E07000079,Cotswold,65.2,67.9,2.7,travel_car_van,South West
E07000080,Forest of Dean,67.47,76.97,9.5,travel_car_van,South West
E07000081,Gloucester,69.43,70.36,0.93,travel_car_van,South West
E07000082,Stroud,68.45,75.01,6.56,travel_car_van,South West
E07000083,Tewkesbury,71.04,73.1,2.06,travel_car_van,South West
E07000084,Basingstoke and Deane,71.64,70.76,-0.88,travel_car_van,South East
E07000085,East Hampshire,65.33,71.91,6.58,travel_car_van,South East
E07000086,Eastleigh,72.92,76.17,3.25,travel_car_van,South East
E07000087,Fareham,68.71,75.59,6.88,travel_car_van,South East
E07000088,Gosport,55.46,64.66,9.2,travel_car_van,South East
E07000089,Hart,69.32,72.35,3.03,travel_car_van,South East
E07000090,Havant,68.29,74.73,6.44,travel_car_van,South East
E07000091,New Forest,68.43,74.02,5.59,travel_car_van,South East
E07000092,Rushmoor,71.05,70.22,-0.83,travel_car_van,South East
E07000093,Test Valley,70.2,72.41,2.21,travel_car_van,South East
E07000094,Winchester,68.19,64.78,-3.41,travel_car_van,South East
E07000095,Broxbourne,69.49,67.61,-1.88,travel_car_van,East
E07000096,Dacorum,72.21,68.1,-4.11,travel_car_van,East
E07000098,Hertsmere,69.39,60.12,-9.27,travel_car_van,East
E07000099,North Hertfordshire,66.45,66.11,-0.34,travel_car_van,East
E07000102,Three Rivers,69.35,65.2,-4.15,travel_car_van,East
E07000103,Watford,66.71,57.43,-9.28,travel_car_van,East
E07000105,Ashford,68.8,69.45,0.65,travel_car_van,South East
E07000106,Canterbury,64.03,63.17,-0.86,travel_car_van,South East
E07000107,Dartford,71.86,62.42,-9.44,travel_car_van,South East
E07000108,Dover,67.16,70.51,3.35,travel_car_van,South East
E07000109,Gravesham,65.02,66.95,1.93,travel_car_van,South East
E07000110,Maidstone,70.35,69.09,-1.26,travel_car_van,South East
E07000111,Sevenoaks,70.09,59.63,-10.46,travel_car_van,South East
E07000112,Folkestone and Hythe,65.82,68.51,2.69,travel_car_van,South East
E07000113,Swale,66.17,70.53,4.36,travel_car_van,South East
E07000114,Thanet,61.37,66.85,5.48,travel_car_van,South East
E07000115,Tonbridge and Malling,73.24,67.53,-5.71,travel_car_van,South East
E07000116,Tunbridge Wells,66.19,56.84,-9.35,travel_car_van,South East
E07000117,Burnley,67.59,72.42,4.83,travel_car_van,North West
E07000118,Chorley,68.11,77.28,9.17,travel_car_van,North West
E07000119,Fylde,71.96,73.12,1.16,travel_car_van,North West
E07000120,Hyndburn,68.4,74.88,6.48,travel_car_van,North West
E07000121,Lancaster,62.43,65.03,2.6,travel_car_van,North West
E07000122,Pendle,65.05,73.07,8.02,travel_car_van,North West
E07000123,Preston,68.43,65.67,-2.76,travel_car_van,North West
E07000124,Ribble Valley,67.24,75.43,8.19,travel_car_van,North West
E07000125,Rossendale,67.55,78.13,10.58,travel_car_van,North West
E07000126,South Ribble,71.8,77.61,5.81,travel_car_van,North West
E07000127,West Lancashire,70.13,74.31,4.18,travel_car_van,North West
E07000128,Wyre,64.11,74.95,10.84,travel_car_van,North West
E07000129,Blaby,72.06,78.37,6.31,travel_car_van,East Midlands
E07000130,Charnwood,66.22,72.34,6.12,travel_car_van,East Midlands
E07000131,Harborough,66.92,74.82,7.9,travel_car_van,East Midlands
E07000132,Hinckley and Bosworth,68.82,78.58,9.76,travel_car_van,East Midlands
E07000133,Melton,64.03,72.61,8.58,travel_car_van,East Midlands
E07000134,North West Leicestershire,75.85,79.89,4.04,travel_car_van,East Midlands
E07000135,Oadby and Wigston,65.36,73.73,8.37,travel_car_van,East Midlands
E07000136,Boston,68.02,74.5,6.48,travel_car_van,East Midlands
E07000137,East Lindsey,59.43,69.39,9.96,travel_car_van,East Midlands
E07000138,Lincoln,66.08,62.39,-3.69,travel_car_van,East Midlands
E07000139,North Kesteven,64.63,75.21,10.58,travel_car_van,East Midlands
E07000140,South Holland,70.03,77.25,7.22,travel_car_van,East Midlands
E07000141,South Kesteven,64.65,72.73,8.08,travel_car_van,East Midlands
E07000142,West Lindsey,63.02,76.43,13.41,travel_car_van,East Midlands
E07000143,Breckland,65.79,74.91,9.12,travel_car_van,East
E07000144,Broadland,66.9,74.91,8.01,travel_car_van,East
E07000145,Great Yarmouth,64.55,67.62,3.07,travel_car_van,East
E07000146,King's Lynn and West Norfolk,68.61,74.0,5.39,travel_car_van,East
E07000147,North Norfolk,62.21,70.56,8.35,travel_car_van,East
E07000148,Norwich,63.51,51.34,-12.17,travel_car_van,East
E07000149,South Norfolk,67.27,74.71,7.44,travel_car_van,East
E07000150,Corby,74.13,75.86,1.73,travel_car_van,East Midlands
E07000151,Daventry,69.31,76.74,7.43,travel_car_van,East Midlands
E07000152,East Northamptonshire,65.0,78.48,13.48,travel_car_van,East Midlands
E07000153,Kettering,68.7,76.25,7.55,travel_car_van,East Midlands
E07000154,Northampton,72.97,72.51,-0.46,travel_car_van,East Midlands
E07000155,South Northamptonshire,67.14,78.09,10.95,travel_car_van,East Midlands
E07000156,Wellingborough,72.8,77.64,4.84,travel_car_van,East Midlands
E07000163,Craven,61.74,66.11,4.37,travel_car_van,Yorkshire and The Humber
E07000164,Hambleton,62.6,69.46,6.86,travel_car_van,Yorkshire and The Humber
E07000165,Harrogate,62.11,66.84,4.73,travel_car_van,Yorkshire and The Humber
E07000166,Richmondshire,51.94,63.51,11.57,travel_car_van,Yorkshire and The Humber
E07000167,Ryedale,61.0,66.58,5.58,travel_car_van,Yorkshire and The Humber
E07000168,Scarborough,55.45,60.61,5.16,travel_car_van,Yorkshire and The Humber
E07000169,Selby,67.41,75.84,8.43,travel_car_van,Yorkshire and The Humber
E07000170,Ashfield,69.73,74.56,4.83,travel_car_van,East Midlands
E07000171,Bassetlaw,71.33,76.62,5.29,travel_car_van,East Midlands
E07000172,Broxtowe,63.36,68.69,5.33,travel_car_van,East Midlands
E07000173,Gedling,61.74,69.17,7.43,travel_car_van,East Midlands
E07000174,Mansfield,69.11,77.24,8.13,travel_car_van,East Midlands
E07000175,Newark and Sherwood,65.1,72.99,7.89,travel_car_van,East Midlands
E07000176,Rushcliffe,62.96,70.62,7.66,travel_car_van,East Midlands
E07000177,Cherwell,69.32,68.56,-0.76,travel_car_van,South East
E07000178,Oxford,51.64,37.22,-14.42,travel_car_van,South East
E07000179,South Oxfordshire,66.17,66.66,0.49,travel_car_van,South East
E07000180,Vale of White Horse,68.48,67.15,-1.33,travel_car_van,South East
E07000181,West Oxfordshire,66.12,69.81,3.69,travel_car_van,South East
E07000187,Mendip,64.5,70.1,5.6,travel_car_van,South West
E07000188,Sedgemoor,63.88,73.57,9.69,travel_car_van,South West
E07000189,South Somerset,67.79,71.41,3.62,travel_car_van,South West
E07000192,Cannock Chase,71.74,80.78,9.04,travel_car_van,West Midlands
E07000193,East Staffordshire,69.99,73.14,3.15,travel_car_van,West Midlands
E07000194,Lichfield,70.31,77.2,6.89,travel_car_van,West Midlands
E07000195,Newcastle-under-Lyme,70.13,78.5,8.37,travel_car_van,West Midlands
E07000196,South Staffordshire,66.14,80.57,14.43,travel_car_van,West Midlands
E07000197,Stafford,69.38,73.06,3.68,travel_car_van,West Midlands
E07000198,Staffordshire Moorlands,63.84,78.72,14.88,travel_car_van,West Midlands
E07000199,Tamworth,68.47,78.5,10.03,travel_car_van,West Midlands
E07000200,Babergh,65.52,72.53,7.01,travel_car_van,East
E07000202,Ipswich,65.01,62.98,-2.03,travel_car_van,East
E07000203,Mid Suffolk,65.71,74.21,8.5,travel_car_van,East
E07000207,Elmbridge,68.2,54.79,-13.41,travel_car_van,South East
E07000208,Epsom and Ewell,64.45,55.08,-9.37,travel_car_van,South East
E07000209,Guildford,66.08,61.01,-5.07,travel_car_van,South East
E07000210,Mole Valley,69.61,62.18,-7.43,travel_car_van,South East
E07000211,Reigate and Banstead,68.78,62.16,-6.62,travel_car_van,South East
E07000212,Runnymede,74.59,68.29,-6.3,travel_car_van,South East
E07000213,Spelthorne,68.49,69.57,1.08,travel_car_van,South East
E07000214,Surrey Heath,73.43,73.38,-0.05,travel_car_van,South East
E07000215,Tandridge,65.76,60.81,-4.95,travel_car_van,South East
E07000216,Waverley,66.96,64.26,-2.7,travel_car_van,South East
E07000217,Woking,66.56,61.54,-5.02,travel_car_van,South East
E07000218,North Warwickshire,74.66,79.92,5.26,travel_car_van,West Midlands
E07000219,Nuneaton and Bedworth,67.69,77.84,10.15,travel_car_van,West Midlands
E07000220,Rugby,71.51,74.52,3.01,travel_car_van,West Midlands
E07000221,Stratford-on-Avon,68.37,72.39,4.02,travel_car_van,West Midlands
E07000222,Warwick,71.92,69.58,-2.34,travel_car_van,West Midlands
E07000223,Adur,64.49,66.99,2.5,travel_car_van,South East
E07000224,Arun,61.38,70.9,9.52,travel_car_van,South East
E07000225,Chichester,65.43,64.43,-1.0,travel_car_van,South East
E07000226,Crawley,75.65,65.06,-10.59,travel_car_van,South East
E07000227,Horsham,67.12,69.44,2.32,travel_car_van,South East
E07000228,Mid Sussex,66.65,63.5,-3.15,travel_car_van,South East
E07000229,Worthing,63.8,63.39,-0.41,travel_car_van,South East
E07000234,Bromsgrove,69.31,77.67,8.36,travel_car_van,West Midlands
E07000235,Malvern Hills,66.12,73.1,6.98,travel_car_van,West Midlands
E07000236,Redditch,71.25,76.18,4.93,travel_car_van,West Midlands
E07000237,Worcester,66.84,67.49,0.65,travel_car_van,West Midlands
E07000238,Wychavon,69.41,76.18,6.77,travel_car_van,West Midlands
E07000239,Wyre Forest,69.45,76.59,7.14,travel_car_van,West Midlands
E07000240,St Albans,68.01,58.26,-9.75,travel_car_van,East
E07000241,Welwyn Hatfield,73.77,63.24,-10.53,travel_car_van,East
E07000242,East Hertfordshire,70.28,65.12,-5.16,travel_car_van,East
E07000243,Stevenage,72.39,70.05,-2.34,travel_car_van,East
E07000244,East Suffolk,65.76,70.55,4.79,travel_car_van,East
E07000245,West Suffolk,72.07,73.71,1.64,travel_car_van,East
E07000246,Somerset West and Taunton,63.24,64.0,0.76,travel_car_van,South West
E08000001,Bolton,67.97,72.34,4.37,travel_car_van,North West
E08000002,Bury,65.92,71.88,5.96,travel_car_van,North West
E08000003,Manchester,60.59,49.73,-10.86,travel_car_van,North West
E08000004,Oldham,64.54,70.59,6.05,travel_car_van,North West
E08000005,Rochdale,66.74,72.21,5.47,travel_car_van,North West
E08000006,Salford,69.13,62.98,-6.15,travel_car_van,North West
E08000007,Stockport,66.97,69.76,2.79,travel_car_van,North West
E08000008,Tameside,63.48,68.89,5.41,travel_car_van,North West
E08000009,Trafford,70.26,68.34,-1.92,travel_car_van,North West
E08000010,Wigan,67.17,76.12,8.95,travel_car_van,North West
E08000011,Knowsley,69.85,66.64,-3.21,travel_car_van,North West
E08000012,Liverpool,57.41,54.66,-2.75,travel_car_van,North West
E08000013,St. Helens,68.11,76.0,7.89,travel_car_van,North West
E08000014,Sefton,61.46,65.88,4.42,travel_car_van,North West
E08000015,Wirral,65.58,69.04,3.46,travel_car_van,North West
E08000016,Barnsley,66.23,75.69,9.46,travel_car_van,Yorkshire and The Humber
E08000017,Doncaster,65.26,72.31,7.05,travel_car_van,Yorkshire and The Humber
E08000018,Rotherham,69.31,76.12,6.81,travel_car_van,Yorkshire and The Humber
E08000019,Sheffield,60.81,61.02,0.21,travel_car_van,Yorkshire and The Humber
E08000021,Newcastle upon Tyne,56.85,53.39,-3.46,travel_car_van,North East
E08000022,North Tyneside,62.97,63.85,0.88,travel_car_van,North East
E08000023,South Tyneside,59.12,62.58,3.46,travel_car_van,North East
E08000024,Sunderland,65.4,68.73,3.33,travel_car_van,North East
E08000025,Birmingham,60.72,60.95,0.23,travel_car_van,West Midlands
E08000026,Coventry,69.41,67.41,-2.0,travel_car_van,West Midlands
E08000027,Dudley,70.34,75.42,5.08,travel_car_van,West Midlands
E08000028,Sandwell,68.94,67.07,-1.87,travel_car_van,West Midlands
E08000029,Solihull,71.12,72.18,1.06,travel_car_van,West Midlands
E08000030,Walsall,67.1,72.89,5.79,travel_car_van,West Midlands
E08000031,Wolverhampton,66.49,67.47,0.98,travel_car_van,West Midlands
E08000032,Bradford,65.18,67.06,1.88,travel_car_van,Yorkshire and The Humber
E08000033,Calderdale,64.2,69.68,5.48,travel_car_van,Yorkshire and The Humber
E08000034,Kirklees,64.92,71.85,6.93,travel_car_van,Yorkshire and The Humber
E08000035,Leeds,62.67,62.72,0.05,travel_car_van,Yorkshire and The Humber
E08000036,Wakefield,68.54,73.62,5.08,travel_car_van,Yorkshire and The Humber
E08000037,Gateshead,65.59,63.84,-1.75,travel_car_van,North East
E09000001,City of London,7.01,3.31,-3.7,travel_car_van,London
E09000002,Barking and Dagenham,61.34,41.09,-20.25,travel_car_van,London
E09000003,Barnet,53.97,38.57,-15.4,travel_car_van,London
E09000004,Bexley,62.8,50.34,-12.46,travel_car_van,London
E09000005,Brent,51.28,29.59,-21.69,travel_car_van,London
E09000006,Bromley,57.25,42.5,-14.75,travel_car_van,London
E09000007,Camden,15.68,10.73,-4.95,travel_car_van,London
E09000008,Croydon,47.88,39.09,-8.79,travel_car_van,London
E09000009,Ealing,52.02,35.32,-16.7,travel_car_van,London
E09000010,Enfield,59.75,44.97,-14.78,travel_car_van,London
E09000011,Greenwich,52.12,29.65,-22.47,travel_car_van,London
E09000012,Hackney,31.43,12.06,-19.37,travel_car_van,London
E09000013,Hammersmith and Fulham,29.8,12.76,-17.04,travel_car_van,London
E09000014,Haringey,45.58,19.62,-25.96,travel_car_van,London
E09000015,Harrow,55.35,44.68,-10.67,travel_car_van,London
E09000016,Havering,60.76,51.41,-9.35,travel_car_van,London
E09000017,Hillingdon,71.79,56.04,-15.75,travel_car_van,London
E09000018,Hounslow,59.45,42.32,-17.13,travel_car_van,London
E09000019,Islington,20.93,9.88,-11.05,travel_car_van,London
E09000020,Kensington and Chelsea,19.72,13.78,-5.94,travel_car_van,London
E09000021,Kingston upon Thames,52.7,40.25,-12.45,travel_car_van,London
E09000022,Lambeth,29.68,13.03,-16.65,travel_car_van,London
E09000023,Lewisham,46.34,23.18,-23.16,travel_car_van,London
E09000024,Merton,49.2,29.09,-20.11,travel_car_van,London
E09000025,Newham,46.44,21.91,-24.53,travel_car_van,London
E09000026,Redbridge,53.56,39.96,-13.6,travel_car_van,London
E09000027,Richmond upon Thames,46.04,33.88,-12.16,travel_car_van,London
E09000028,Southwark,27.26,13.19,-14.07,travel_car_van,London
E09000029,Sutton,58.07,49.9,-8.17,travel_car_van,London
E09000030,Tower Hamlets,27.18,12.04,-15.14,travel_car_van,London
E09000031,Waltham Forest,51.36,30.32,-21.04,travel_car_van,London
E09000032,Wandsworth,38.24,15.12,-23.12,travel_car_van,London
E09000033,Westminster,12.14,10.22,-1.92,travel_car_van,London
W06000001,Isle of Anglesey,67.21,76.5,9.29,travel_car_van,Wales
W06000002,Gwynedd,65.16,68.9,3.74,travel_car_van,Wales
W06000003,Conwy,64.92,72.65,7.73,travel_car_van,Wales
W06000004,Denbighshire,69.3,73.59,4.29,travel_car_van,Wales
W06000005,Flintshire,77.02,79.5,2.48,travel_car_van,Wales
W06000006,Wrexham,73.51,77.61,4.1,travel_car_van,Wales
W06000008,Ceredigion,62.22,65.44,3.22,travel_car_van,Wales
W06000009,Pembrokeshire,64.73,72.09,7.36,travel_car_van,Wales
W06000010,Carmarthenshire,69.19,76.91,7.72,travel_car_van,Wales
W06000011,Swansea,73.45,75.63,2.18,travel_car_van,Wales
W06000012,Neath Port Talbot,73.57,80.48,6.91,travel_car_van,Wales
W06000013,Bridgend,75.47,79.78,4.31,travel_car_van,Wales
W06000014,Vale of Glamorgan,70.59,73.41,2.82,travel_car_van,Wales
W06000015,Cardiff,66.07,61.98,-4.09,travel_car_van,Wales
W06000016,Rhondda Cynon Taff,72.89,78.71,5.82,travel_car_van,Wales
W06000018,Caerphilly,71.95,79.51,7.56,travel_car_van,Wales
W06000019,Blaenau Gwent,72.65,82.18,9.53,travel_car_van,Wales
W06000020,Torfaen,75.33,80.3,4.97,travel_car_van,Wales
W06000021,Monmouthshire,69.71,74.14,4.43,travel_car_van,Wales
W06000022,Newport,74.48,73.61,-0.87,travel_car_van,Wales
W06000023,Powys,60.46,68.53,8.07,travel_car_van,Wales
W06000024,Merthyr Tydfil,72.09,76.42,4.33,travel_car_van,Wales
E06000001,Hartlepool,14.95,11.31,-3.64,age10yr_30-39,North East
E06000002,Middlesbrough,14.39,11.87,-2.52,age10yr_30-39,North East
E06000003,Redcar and Cleveland,14.35,10.83,-3.52,age10yr_30-39,North East
E06000004,Stockton-on-Tees,15.51,12.24,-3.27,age10yr_30-39,North East
E06000005,Darlington,15.1,12.58,-2.52,age10yr_30-39,North East
E06000006,Halton,14.92,12.7,-2.22,age10yr_30-39,North West
E06000007,Warrington,16.73,13.01,-3.72,age10yr_30-39,North West
E06000008,Blackburn with Darwen,15.08,13.59,-1.49,age10yr_30-39,North West
E06000009,Blackpool,14.67,11.52,-3.15,age10yr_30-39,North West
E06000010,"Kingston upon Hull, City of",15.16,13.47,-1.69,age10yr_30-39,Yorkshire and The Humber
E06000011,East Riding of Yorkshire,13.99,10.76,-3.23,age10yr_30-39,Yorkshire and The Humber
E06000012,North East Lincolnshire,14.89,11.57,-3.32,age10yr_30-39,Yorkshire and The Humber
E06000013,North Lincolnshire,14.93,11.52,-3.41,age10yr_30-39,Yorkshire and The Humber
E06000014,York,15.25,12.65,-2.6,age10yr_30-39,Yorkshire and The Humber
E06000015,Derby,15.41,13.38,-2.03,age10yr_30-39,East Midlands
E06000016,Leicester,15.04,14.32,-0.72,age10yr_30-39,East Midlands
E06000017,Rutland,14.41,10.7,-3.71,age10yr_30-39,East Midlands
E06000018,Nottingham,15.4,13.7,-1.7,age10yr_30-39,East Midlands
E06000019,"Herefordshire, County of",13.98,10.91,-3.07,age10yr_30-39,West Midlands
E06000020,Telford and Wrekin,16.31,12.89,-3.42,age10yr_30-39,West Midlands
E06000021,Stoke-on-Trent,15.05,12.83,-2.22,age10yr_30-39,West Midlands
E06000022,Bath and North East Somerset,14.4,11.48,-2.92,age10yr_30-39,South West
E06000023,"Bristol, City of",15.84,15.61,-0.23,age10yr_30-39,South West
E06000024,North Somerset,14.28,11.5,-2.78,age10yr_30-39,South West
E06000025,South Gloucestershire,16.92,12.66,-4.26,age10yr_30-39,South West
E06000026,Plymouth,15.27,12.07,-3.2,age10yr_30-39,South West
E06000027,Torbay,13.1,10.08,-3.02,age10yr_30-39,South West
E06000030,Swindon,17.51,15.05,-2.46,age10yr_30-39,South West
E06000031,Peterborough,15.91,14.72,-1.19,age10yr_30-39,East
E06000032,Luton,16.12,14.83,-1.29,age10yr_30-39,East
E06000033,Southend-on-Sea,15.03,13.73,-1.3,age10yr_30-39,East
E06000034,Thurrock,16.89,15.22,-1.67,age10yr_30-39,East
E06000035,Medway,16.28,13.09,-3.19,age10yr_30-39,South East
E06000036,Bracknell Forest,18.87,15.2,-3.67,age10yr_30-39,South East
E06000037,West Berkshire,16.51,13.27,-3.24,age10yr_30-39,South East
E06000038,Reading,17.27,17.6,0.33,age10yr_30-39,South East
E06000039,Slough,17.59,18.41,0.82,age10yr_30-39,South East
E06000040,Windsor and Maidenhead,16.04,14.05,-1.99,age10yr_30-39,South East
E06000041,Wokingham,16.43,13.78,-2.65,age10yr_30-39,South East
E06000042,Milton Keynes,17.04,16.26,-0.78,age10yr_30-39,South East
E06000043,Brighton and Hove,17.83,16.0,-1.83,age10yr_30-39,South East
E06000044,Portsmouth,16.17,13.29,-2.88,age10yr_30-39,South East
E06000045,Southampton,14.23,14.47,0.24,age10yr_30-39,South East
E06000046,Isle of Wight,12.64,9.87,-2.77,age10yr_30-39,South East
E06000047,County Durham,15.05,11.42,-3.63,age10yr_30-39,North East
E06000049,Cheshire East,15.14,11.8,-3.34,age10yr_30-39,North West
E06000050,Cheshire West and Chester,15.34,11.95,-3.39,age10yr_30-39,North West
E06000051,Shropshire,14.27,10.84,-3.43,age10yr_30-39,West Midlands
E06000052,Cornwall,13.06,10.7,-2.36,age10yr_30-39,South West
E06000053,Isles of Scilly,13.86,11.67,-2.19,age10yr_30-39,South West
E06000054,Wiltshire,15.74,11.78,-3.96,age10yr_30-39,South West
E06000055,Bedford,15.49,13.33,-2.16,age10yr_30-39,East
E06000056,Central Bedfordshire,16.9,13.16,-3.74,age10yr_30-39,East
E06000057,Northumberland,14.12,10.77,-3.35,age10yr_30-39,North East
E06000058,"Bournemouth, Christchurch and Poole",14.13,13.01,-1.12,age10yr_30-39,South West
E06000059,Dorset,12.69,9.61,-3.08,age10yr_30-39,South West
E06000060,Buckinghamshire,15.31,12.63,-2.68,age10yr_30-39,South East
E07000008,Cambridge,15.12,16.03,0.91,age10yr_30-39,East
E07000009,East Cambridgeshire,15.94,13.97,-1.97,age10yr_30-39,East
E07000010,Fenland,14.58,11.51,-3.07,age10yr_30-39,East
E07000011,Huntingdonshire,16.54,12.89,-3.65,age10yr_30-39,East
E07000012,South Cambridgeshire,15.7,13.6,-2.1,age10yr_30-39,East
E07000026,Allerdale,14.33,10.59,-3.74,age10yr_30-39,North West
E07000027,Barrow-in-Furness,14.99,11.28,-3.71,age10yr_30-39,North West
E07000028,Carlisle,14.52,11.91,-2.61,age10yr_30-39,North West
E07000029,Copeland,15.22,11.18,-4.04,age10yr_30-39,North West
E07000030,Eden,14.27,9.97,-4.3,age10yr_30-39,North West
E07000031,South Lakeland,13.49,9.93,-3.56,age10yr_30-39,North West
E07000032,Amber Valley,15.51,11.96,-3.55,age10yr_30-39,East Midlands
E07000033,Bolsover,15.88,11.91,-3.97,age10yr_30-39,East Midlands
E07000034,Chesterfield,15.33,12.22,-3.11,age10yr_30-39,East Midlands
E07000035,Derbyshire Dales,13.8,9.47,-4.33,age10yr_30-39,East Midlands
E07000036,Erewash,16.35,12.38,-3.97,age10yr_30-39,East Midlands
E07000037,High Peak,15.89,11.29,-4.6,age10yr_30-39,East Midlands
E07000038,North East Derbyshire,14.24,10.74,-3.5,age10yr_30-39,East Midlands
E07000039,South Derbyshire,16.42,13.39,-3.03,age10yr_30-39,East Midlands
E07000040,East Devon,11.29,8.97,-2.32,age10yr_30-39,South West
E07000041,Exeter,14.66,13.08,-1.58,age10yr_30-39,South West
E07000042,Mid Devon,13.77,10.54,-3.23,age10yr_30-39,South West
E07000043,North Devon,12.86,10.42,-2.44,age10yr_30-39,South West
E07000044,South Hams,12.78,8.71,-4.07,age10yr_30-39,South West
E07000045,Teignbridge,13.5,9.87,-3.63,age10yr_30-39,South West
E07000046,Torridge,12.56,9.73,-2.83,age10yr_30-39,South West
E07000047,West Devon,12.59,9.61,-2.98,age10yr_30-39,South West
E07000061,Eastbourne,13.14,11.7,-1.44,age10yr_30-39,South East
E07000062,Hastings,14.43,12.13,-2.3,age10yr_30-39,South East
E07000063,Lewes,12.97,10.27,-2.7,age10yr_30-39,South East
E07000064,Rother,11.05,8.05,-3.0,age10yr_30-39,South East
E07000065,Wealden,13.24,9.52,-3.72,age10yr_30-39,South East
E07000066,Basildon,15.89,13.46,-2.43,age10yr_30-39,East
E07000067,Braintree,16.15,12.76,-3.39,age10yr_30-39,East
E07000068,Brentwood,14.84,12.25,-2.59,age10yr_30-39,East
E07000069,Castle Point,13.74,10.52,-3.22,age10yr_30-39,East
E07000070,Chelmsford,15.71,13.26,-2.45,age10yr_30-39,East
E07000071,Colchester,15.51,13.29,-2.22,age10yr_30-39,East
E07000072,Epping Forest,15.79,12.75,-3.04,age10yr_30-39,East
E07000073,Harlow,16.87,14.21,-2.66,age10yr_30-39,East
E07000074,Maldon,14.78,10.61,-4.17,age10yr_30-39,East
E07000075,Rochford,14.83,11.4,-3.43,age10yr_30-39,East
E07000076,Tendring,12.04,9.01,-3.03,age10yr_30-39,East
E07000077,Uttlesford,14.98,11.76,-3.22,age10yr_30-39,East
E07000078,Cheltenham,15.56,13.83,-1.73,age10yr_30-39,South West
E07000079,Cotswold,13.93,10.17,-3.76,age10yr_30-39,South West
E07000080,Forest of Dean,14.17,10.03,-4.14,age10yr_30-39,South West
E07000081,Gloucester,16.82,13.46,-3.36,age10yr_30-39,South West
E07000082,Stroud,14.43,11.2,-3.23,age10yr_30-39,South West
E07000083,Tewkesbury,14.94,11.84,-3.1,age10yr_30-39,South West
E07000084,Basingstoke and Deane,17.08,14.2,-2.88,age10yr_30-39,South East
E07000085,East Hampshire,14.63,10.81,-3.82,age10yr_30-39,South East
E07000086,Eastleigh,15.66,13.17,-2.49,age10yr_30-39,South East
E07000087,Fareham,15.12,11.17,-3.95,age10yr_30-39,South East
E07000088,Gosport,15.58,12.57,-3.01,age10yr_30-39,South East
E07000089,Hart,16.14,13.46,-2.68,age10yr_30-39,South East
E07000090,Havant,13.79,10.41,-3.38,age10yr_30-39,South East
E07000091,New Forest,13.11,9.92,-3.19,age10yr_30-39,South East
E07000092,Rushmoor,18.29,16.1,-2.19,age10yr_30-39,South East
E07000093,Test Valley,15.72,11.77,-3.95,age10yr_30-39,South East
E07000094,Winchester,13.97,11.77,-2.2,age10yr_30-39,South East
E07000095,Broxbourne,16.25,13.27,-2.98,age10yr_30-39,East
E07000096,Dacorum,16.23,13.71,-2.52,age10yr_30-39,East
E07000098,Hertsmere,15.89,13.21,-2.68,age10yr_30-39,East
E07000099,North Hertfordshire,16.47,13.86,-2.61,age10yr_30-39,East
E07000102,Three Rivers,15.27,13.21,-2.06,age10yr_30-39,East
E07000103,Watford,18.34,17.12,-1.22,age10yr_30-39,East
E07000105,Ashford,15.58,11.96,-3.62,age10yr_30-39,South East
E07000106,Canterbury,12.69,10.01,-2.68,age10yr_30-39,South East
E07000107,Dartford,17.18,14.57,-2.61,age10yr_30-39,South East
E07000108,Dover,13.79,10.8,-2.99,age10yr_30-39,South East
E07000109,Gravesham,15.47,12.79,-2.68,age10yr_30-39,South East
E07000110,Maidstone,15.23,12.76,-2.47,age10yr_30-39,South East
E07000111,Sevenoaks,14.45,11.87,-2.58,age10yr_30-39,South East
E07000112,Folkestone and Hythe,13.88,10.96,-2.92,age10yr_30-39,South East
E07000113,Swale,15.35,11.98,-3.37,age10yr_30-39,South East
E07000114,Thanet,12.9,10.55,-2.35,age10yr_30-39,South East
E07000115,Tonbridge and Malling,15.97,12.46,-3.51,age10yr_30-39,South East
E07000116,Tunbridge Wells,15.26,13.11,-2.15,age10yr_30-39,South East
E07000117,Burnley,14.71,12.36,-2.35,age10yr_30-39,North West
E07000118,Chorley,15.65,12.99,-2.66,age10yr_30-39,North West
E07000119,Fylde,13.84,10.05,-3.79,age10yr_30-39,North West
E07000120,Hyndburn,15.39,12.68,-2.71,age10yr_30-39,North West
E07000121,Lancaster,13.71,10.85,-2.86,age10yr_30-39,North West
E07000122,Pendle,14.16,12.61,-1.55,age10yr_30-39,North West
E07000123,Preston,15.06,13.1,-1.96,age10yr_30-39,North West
E07000124,Ribble Valley,14.95,10.01,-4.94,age10yr_30-39,North West
E07000125,Rossendale,15.45,12.64,-2.81,age10yr_30-39,North West
E07000126,South Ribble,15.36,12.4,-2.96,age10yr_30-39,North West
E07000127,West Lancashire,14.32,10.58,-3.74,age10yr_30-39,North West
E07000128,Wyre,13.29,9.55,-3.74,age10yr_30-39,North West
E07000129,Blaby,16.24,12.25,-3.99,age10yr_30-39,East Midlands
E07000130,Charnwood,14.59,11.67,-2.92,age10yr_30-39,East Midlands
E07000131,Harborough,15.87,11.37,-4.5,age10yr_30-39,East Midlands
E07000132,Hinckley and Bosworth,15.32,12.12,-3.2,age10yr_30-39,East Midlands
E07000133,Melton,15.79,11.09,-4.7,age10yr_30-39,East Midlands
E07000134,North West Leicestershire,15.83,12.42,-3.41,age10yr_30-39,East Midlands
E07000135,Oadby and Wigston,14.39,10.9,-3.49,age10yr_30-39,East Midlands
E07000136,Boston,13.46,11.98,-1.48,age10yr_30-39,East Midlands
E07000137,East Lindsey,12.44,8.92,-3.52,age10yr_30-39,East Midlands
E07000138,Lincoln,15.31,12.77,-2.54,age10yr_30-39,East Midlands
E07000139,North Kesteven,15.29,11.09,-4.2,age10yr_30-39,East Midlands
E07000140,South Holland,13.53,11.3,-2.23,age10yr_30-39,East Midlands
E07000141,South Kesteven,14.98,11.54,-3.44,age10yr_30-39,East Midlands
E07000142,West Lindsey,13.57,10.06,-3.51,age10yr_30-39,East Midlands
E07000143,Breckland,13.94,10.98,-2.96,age10yr_30-39,East
E07000144,Broadland,14.79,11.07,-3.72,age10yr_30-39,East
E07000145,Great Yarmouth,13.58,10.42,-3.16,age10yr_30-39,East
E07000146,King's Lynn and West Norfolk,13.54,10.65,-2.89,age10yr_30-39,East
E07000147,North Norfolk,11.51,8.38,-3.13,age10yr_30-39,East
E07000148,Norwich,15.07,14.72,-0.35,age10yr_30-39,East
E07000149,South Norfolk,13.59,11.13,-2.46,age10yr_30-39,East
E07000150,Corby,15.99,13.56,-2.43,age10yr_30-39,East Midlands
E07000151,Daventry,15.98,11.56,-4.42,age10yr_30-39,East Midlands
E07000152,East Northamptonshire,16.0,12.38,-3.62,age10yr_30-39,East Midlands
E07000153,Kettering,15.9,13.57,-2.33,age10yr_30-39,East Midlands
E07000154,Northampton,16.25,15.08,-1.17,age10yr_30-39,East Midlands
E07000155,South Northamptonshire,16.1,11.95,-4.15,age10yr_30-39,East Midlands
E07000156,Wellingborough,15.67,13.19,-2.48,age10yr_30-39,East Midlands
E07000163,Craven,13.26,9.64,-3.62,age10yr_30-39,Yorkshire and The Humber
E07000164,Hambleton,14.62,9.9,-4.72,age10yr_30-39,Yorkshire and The Humber
E07000165,Harrogate,15.16,11.61,-3.55,age10yr_30-39,Yorkshire and The Humber
E07000166,Richmondshire,15.03,11.0,-4.03,age10yr_30-39,Yorkshire and The Humber
E07000167,Ryedale,13.17,9.31,-3.86,age10yr_30-39,Yorkshire and The Humber
E07000168,Scarborough,12.53,9.52,-3.01,age10yr_30-39,Yorkshire and The Humber
E07000169,Selby,15.76,11.91,-3.85,age10yr_30-39,Yorkshire and The Humber
E07000170,Ashfield,16.11,12.54,-3.57,age10yr_30-39,East Midlands
E07000171,Bassetlaw,15.49,11.49,-4.0,age10yr_30-39,East Midlands
E07000172,Broxtowe,15.93,12.62,-3.31,age10yr_30-39,East Midlands
E07000173,Gedling,15.47,12.27,-3.2,age10yr_30-39,East Midlands
E07000174,Mansfield,15.45,12.28,-3.17,age10yr_30-39,East Midlands
E07000175,Newark and Sherwood,14.9,11.32,-3.58,age10yr_30-39,East Midlands
E07000176,Rushcliffe,15.77,12.18,-3.59,age10yr_30-39,East Midlands
E07000177,Cherwell,17.87,14.0,-3.87,age10yr_30-39,South East
E07000178,Oxford,15.02,14.8,-0.22,age10yr_30-39,South East
E07000179,South Oxfordshire,16.66,12.49,-4.17,age10yr_30-39,South East
E07000180,Vale of White Horse,15.35,12.59,-2.76,age10yr_30-39,South East
E07000181,West Oxfordshire,16.32,12.54,-3.78,age10yr_30-39,South East
E07000187,Mendip,14.76,10.42,-4.34,age10yr_30-39,South West
E07000188,Sedgemoor,14.17,10.28,-3.89,age10yr_30-39,South West
E07000189,South Somerset,14.02,10.61,-3.41,age10yr_30-39,South West
E07000192,Cannock Chase,16.81,12.76,-4.05,age10yr_30-39,West Midlands
E07000193,East Staffordshire,15.71,12.5,-3.21,age10yr_30-39,West Midlands
E07000194,Lichfield,14.61,11.56,-3.05,age10yr_30-39,West Midlands
E07000195,Newcastle-under-Lyme,14.44,11.58,-2.86,age10yr_30-39,West Midlands
E07000196,South Staffordshire,14.51,10.31,-4.2,age10yr_30-39,West Midlands
E07000197,Stafford,14.75,11.73,-3.02,age10yr_30-39,West Midlands
E07000198,Staffordshire Moorlands,14.28,10.77,-3.51,age10yr_30-39,West Midlands
E07000199,Tamworth,16.09,13.35,-2.74,age10yr_30-39,West Midlands
E07000200,Babergh,13.62,10.65,-2.97,age10yr_30-39,East
E07000202,Ipswich,15.06,14.31,-0.75,age10yr_30-39,East
E07000203,Mid Suffolk,14.31,10.85,-3.46,age10yr_30-39,East
E07000207,Elmbridge,16.51,14.25,-2.26,age10yr_30-39,South East
E07000208,Epsom and Ewell,15.41,13.33,-2.08,age10yr_30-39,South East
E07000209,Guildford,15.52,13.82,-1.7,age10yr_30-39,South East
E07000210,Mole Valley,14.28,11.24,-3.04,age10yr_30-39,South East
E07000211,Reigate and Banstead,16.3,14.36,-1.94,age10yr_30-39,South East
E07000212,Runnymede,15.99,13.57,-2.42,age10yr_30-39,South East
E07000213,Spelthorne,17.05,13.87,-3.18,age10yr_30-39,South East
E07000214,Surrey Heath,16.86,13.01,-3.85,age10yr_30-39,South East
E07000215,Tandridge,14.98,11.87,-3.11,age10yr_30-39,South East
E07000216,Waverley,14.46,12.12,-2.34,age10yr_30-39,South East
E07000217,Woking,17.22,16.03,-1.19,age10yr_30-39,South East
E07000218,North Warwickshire,15.64,11.62,-4.02,age10yr_30-39,West Midlands
E07000219,Nuneaton and Bedworth,15.59,12.83,-2.76,age10yr_30-39,West Midlands
E07000220,Rugby,15.6,13.24,-2.36,age10yr_30-39,West Midlands
E07000221,Stratford-on-Avon,14.38,10.62,-3.76,age10yr_30-39,West Midlands
E07000222,Warwick,15.62,13.64,-1.98,age10yr_30-39,West Midlands
E07000223,Adur,13.77,11.95,-1.82,age10yr_30-39,South East
E07000224,Arun,12.78,10.23,-2.55,age10yr_30-39,South East
E07000225,Chichester,12.31,9.95,-2.36,age10yr_30-39,South East
E07000226,Crawley,17.0,16.2,-0.8,age10yr_30-39,South East
E07000227,Horsham,15.31,11.37,-3.94,age10yr_30-39,South East
E07000228,Mid Sussex,15.07,12.51,-2.56,age10yr_30-39,South East
E07000229,Worthing,14.75,12.76,-1.99,age10yr_30-39,South East
E07000234,Bromsgrove,14.67,11.07,-3.6,age10yr_30-39,West Midlands
E07000235,Malvern Hills,12.51,9.1,-3.41,age10yr_30-39,West Midlands
E07000236,Redditch,15.37,14.16,-1.21,age10yr_30-39,West Midlands
E07000237,Worcester,17.64,14.14,-3.5,age10yr_30-39,West Midlands
E07000238,Wychavon,14.88,10.54,-4.34,age10yr_30-39,West Midlands
E07000239,Wyre Forest,14.75,11.36,-3.39,age10yr_30-39,West Midlands
E07000240,St Albans,17.04,14.84,-2.2,age10yr_30-39,East
E07000241,Welwyn Hatfield,14.73,12.63,-2.1,age10yr_30-39,East
E07000242,East Hertfordshire,17.2,13.69,-3.51,age10yr_30-39,East
E07000243,Stevenage,17.53,13.52,-4.01,age10yr_30-39,East
E07000244,East Suffolk,13.27,10.1,-3.17,age10yr_30-39,East
E07000245,West Suffolk,16.12,12.96,-3.16,age10yr_30-39,East
E07000246,Somerset West and Taunton,13.34,10.46,-2.88,age10yr_30-39,South West
E08000001,Bolton,15.33,12.91,-2.42,age10yr_30-39,North West
E08000002,Bury,15.94,12.86,-3.08,age10yr_30-39,North West
E08000003,Manchester,15.18,15.7,0.52,age10yr_30-39,North West
E08000004,Oldham,15.24,12.65,-2.59,age10yr_30-39,North West
E08000005,Rochdale,15.13,12.85,-2.28,age10yr_30-39,North West
E08000006,Salford,15.17,13.92,-1.25,age10yr_30-39,North West
E08000007,Stockport,15.94,12.6,-3.34,age10yr_30-39,North West
E08000008,Tameside,16.42,12.79,-3.63,age10yr_30-39,North West
E08000009,Trafford,16.08,13.88,-2.2,age10yr_30-39,North West
E08000010,Wigan,15.97,12.74,-3.23,age10yr_30-39,North West
E08000011,Knowsley,15.85,11.56,-4.29,age10yr_30-39,North West
E08000012,Liverpool,14.56,13.1,-1.46,age10yr_30-39,North West
E08000013,St. Helens,15.08,12.1,-2.98,age10yr_30-39,North West
E08000014,Sefton,14.15,10.53,-3.62,age10yr_30-39,North West
E08000015,Wirral,13.98,11.34,-2.64,age10yr_30-39,North West
E08000016,Barnsley,15.87,11.9,-3.97,age10yr_30-39,Yorkshire and The Humber
E08000017,Doncaster,15.06,12.13,-2.93,age10yr_30-39,Yorkshire and The Humber
E08000018,Rotherham,15.32,11.83,-3.49,age10yr_30-39,Yorkshire and The Humber
E08000019,Sheffield,15.26,12.81,-2.45,age10yr_30-39,Yorkshire and The Humber
E08000021,Newcastle upon Tyne,14.69,12.4,-2.29,age10yr_30-39,North East
E08000022,North Tyneside,15.16,13.36,-1.8,age10yr_30-39,North East
E08000023,South Tyneside,14.76,11.44,-3.32,age10yr_30-39,North East
E08000024,Sunderland,14.81,11.95,-2.86,age10yr_30-39,North East
E08000025,Birmingham,14.94,14.03,-0.91,age10yr_30-39,West Midlands
E08000026,Coventry,14.72,13.31,-1.41,age10yr_30-39,West Midlands
E08000027,Dudley,15.4,12.09,-3.31,age10yr_30-39,West Midlands
E08000028,Sandwell,15.61,13.76,-1.85,age10yr_30-39,West Midlands
E08000029,Solihull,14.62,11.16,-3.46,age10yr_30-39,West Midlands
E08000030,Walsall,14.94,12.29,-2.65,age10yr_30-39,West Midlands
E08000031,Wolverhampton,15.04,13.3,-1.74,age10yr_30-39,West Midlands
E08000032,Bradford,14.57,13.88,-0.69,age10yr_30-39,Yorkshire and The Humber
E08000033,Calderdale,15.7,12.75,-2.95,age10yr_30-39,Yorkshire and The Humber
E08000034,Kirklees,15.25,13.08,-2.17,age10yr_30-39,Yorkshire and The Humber
E08000035,Leeds,15.22,13.77,-1.45,age10yr_30-39,Yorkshire and The Humber
E08000036,Wakefield,15.98,12.25,-3.73,age10yr_30-39,Yorkshire and The Humber
E08000037,Gateshead,15.4,12.98,-2.42,age10yr_30-39,North East
E09000001,City of London,20.29,19.23,-1.06,age10yr_30-39,London
E09000002,Barking and Dagenham,16.75,16.0,-0.75,age10yr_30-39,London
E09000003,Barnet,16.73,16.07,-0.66,age10yr_30-39,London
E09000004,Bexley,16.03,12.7,-3.33,age10yr_30-39,London
E09000005,Brent,18.1,17.52,-0.58,age10yr_30-39,London
E09000006,Bromley,16.7,13.99,-2.71,age10yr_30-39,London
E09000007,Camden,20.04,19.79,-0.25,age10yr_30-39,London
E09000008,Croydon,17.53,15.23,-2.3,age10yr_30-39,London
E09000009,Ealing,18.73,18.3,-0.43,age10yr_30-39,London
E09000010,Enfield,17.26,14.83,-2.43,age10yr_30-39,London
E09000011,Greenwich,17.63,18.25,0.62,age10yr_30-39,London
E09000012,Hackney,20.3,20.88,0.58,age10yr_30-39,London
E09000013,Hammersmith and Fulham,21.13,21.47,0.34,age10yr_30-39,London
E09000014,Haringey,20.42,20.09,-0.33,age10yr_30-39,London
E09000015,Harrow,16.12,15.36,-0.76,age10yr_30-39,London
E09000016,Havering,14.66,12.32,-2.34,age10yr_30-39,London
E09000017,Hillingdon,17.2,15.16,-2.04,age10yr_30-39,London
E09000018,Hounslow,18.46,18.35,-0.11,age10yr_30-39,London
E09000019,Islington,21.57,20.55,-1.02,age10yr_30-39,London
E09000020,Kensington and Chelsea,20.61,20.64,0.03,age10yr_30-39,London
E09000021,Kingston upon Thames,17.44,16.72,-0.72,age10yr_30-39,London
E09000022,Lambeth,22.21,21.18,-1.03,age10yr_30-39,London
E09000023,Lewisham,20.69,19.17,-1.52,age10yr_30-39,London
E09000024,Merton,19.24,19.11,-0.13,age10yr_30-39,London
E09000025,Newham,17.48,17.98,0.5,age10yr_30-39,London
E09000026,Redbridge,15.97,15.98,0.01,age10yr_30-39,London
E09000027,Richmond upon Thames,19.56,17.89,-1.67,age10yr_30-39,London
E09000028,Southwark,20.98,19.98,-1.0,age10yr_30-39,London
E09000029,Sutton,17.41,15.27,-2.14,age10yr_30-39,London
E09000030,Tower Hamlets,17.81,21.47,3.66,age10yr_30-39,London
E09000031,Waltham Forest,18.69,17.53,-1.16,age10yr_30-39,London
E09000032,Wandsworth,21.69,23.21,1.52,age10yr_30-39,London
E09000033,Westminster,20.42,21.6,1.18,age10yr_30-39,London
W06000001,Isle of Anglesey,12.79,10.62,-2.17,age10yr_30-39,Wales
W06000002,Gwynedd,12.69,10.5,-2.19,age10yr_30-39,Wales
W06000003,Conwy,12.99,9.88,-3.11,age10yr_30-39,Wales
W06000004,Denbighshire,13.45,10.51,-2.94,age10yr_30-39,Wales
W06000005,Flintshire,15.63,11.87,-3.76,age10yr_30-39,Wales
W06000006,Wrexham,14.94,12.63,-2.31,age10yr_30-39,Wales
W06000008,Ceredigion,11.69,9.16,-2.53,age10yr_30-39,Wales
W06000009,Pembrokeshire,12.69,9.92,-2.77,age10yr_30-39,Wales
W06000010,Carmarthenshire,13.06,10.65,-2.41,age10yr_30-39,Wales
W06000011,Swansea,13.57,12.18,-1.39,age10yr_30-39,Wales
W06000012,Neath Port Talbot,14.09,12.05,-2.04,age10yr_30-39,Wales
W06000013,Bridgend,15.19,12.55,-2.64,age10yr_30-39,Wales
W06000014,Vale of Glamorgan,14.14,12.03,-2.11,age10yr_30-39,Wales
W06000015,Cardiff,15.12,13.72,-1.4,age10yr_30-39,Wales
W06000016,Rhondda Cynon Taff,14.52,12.27,-2.25,age10yr_30-39,Wales
W06000018,Caerphilly,14.99,12.53,-2.46,age10yr_30-39,Wales
W06000019,Blaenau Gwent,14.86,11.73,-3.13,age10yr_30-39,Wales
W06000020,Torfaen,14.53,11.26,-3.27,age10yr_30-39,Wales
W06000021,Monmouthshire,14.24,10.01,-4.23,age10yr_30-39,Wales
W06000022,Newport,15.08,12.37,-2.71,age10yr_30-39,Wales
W06000023,Powys,13.33,9.64,-3.69,age10yr_30-39,Wales
W06000024,Merthyr Tydfil,14.76,11.61,-3.15,age10yr_30-39,Wales
